date,reservoir_id,level_m,flow_cms,agency,source_snapshot
2020-03-28,bark_lake,306.24,,OPG,20200404052641
2020-03-28,baskatong,208.74,,HQ,20200404052641
2020-03-28,cabonga,359.25,,HQ,20200404052641
2020-03-28,des_joachims,149.48,,OPG,20200404052641
2020-03-28,dozois,338.12,,HQ,20200404052641
2020-03-28,kiamika,265.28,,MELCC,20200404052641
2020-03-28,kipawa,267.6,,MELCC,20200404052641
2020-03-28,lady_evelyn,286.12,,OPG,20200404052641
2020-03-28,mitchinamecus,377.0,,MELCC,20200404052641
2020-03-28,poisson_blanc,193.31,,MELCC,20200404052641
2020-03-28,quinze,260.74,,MELCC,20200404052641
2020-03-28,timiskaming,175.68,,WSC,20200404052641
2020-03-28,timiskaming_haileybury,175.68,,WSC,20200404052641
2020-03-29,bark_lake,306.35,,OPG,20200404052641
2020-03-29,baskatong,208.74,,HQ,20200404052641
2020-03-29,cabonga,359.27,,HQ,20200404052641
2020-03-29,des_joachims,149.53,,OPG,20200404052641
2020-03-29,dozois,338.2,,HQ,20200404052641
2020-03-29,kiamika,265.3,,MELCC,20200404052641
2020-03-29,kipawa,267.61,,MELCC,20200404052641
2020-03-29,lady_evelyn,286.16,,OPG,20200404052641
2020-03-29,mitchinamecus,377.0,,MELCC,20200404052641
2020-03-29,poisson_blanc,193.36,,MELCC,20200404052641
2020-03-29,quinze,260.78,,MELCC,20200404052641
2020-03-29,timiskaming,175.69,,WSC,20200404052641
2020-03-29,timiskaming_haileybury,175.7,,WSC,20200404052641
2020-03-30,bark_lake,306.5,,OPG,20200404052641
2020-03-30,baskatong,208.81,,HQ,20200404052641
2020-03-30,cabonga,359.29,,HQ,20200404052641
2020-03-30,des_joachims,149.56,,OPG,20200404052641
2020-03-30,dozois,338.28,,HQ,20200404052641
2020-03-30,kiamika,265.33,,MELCC,20200404052641
2020-03-30,kipawa,267.62,,MELCC,20200404052641
2020-03-30,lady_evelyn,286.18,,OPG,20200404052641
2020-03-30,mitchinamecus,376.99,,MELCC,20200404052641
2020-03-30,poisson_blanc,193.48,,MELCC,20200404052641
2020-03-30,quinze,260.8,,MELCC,20200404052641
2020-03-30,timiskaming,175.76,,WSC,20200404052641
2020-03-30,timiskaming_haileybury,175.75,,WSC,20200404052641
2020-03-31,bark_lake,306.73,,OPG,20200404052641
2020-03-31,baskatong,208.91,,HQ,20200404052641
2020-03-31,cabonga,359.3,,HQ,20200404052641
2020-03-31,des_joachims,149.57,,OPG,20200404052641
2020-03-31,dozois,338.37,,HQ,20200404052641
2020-03-31,kiamika,265.36,,MELCC,20200404052641
2020-03-31,kipawa,267.62,,MELCC,20200404052641
2020-03-31,lady_evelyn,286.19,,OPG,20200404052641
2020-03-31,mitchinamecus,376.98,,MELCC,20200404052641
2020-03-31,poisson_blanc,193.8,,MELCC,20200404052641
2020-03-31,quinze,260.81,,MELCC,20200404052641
2020-03-31,timiskaming,175.81,,WSC,20200404052641
2020-03-31,timiskaming_haileybury,175.82,,WSC,20200404052641
2020-04-01,bark_lake,306.96,,OPG,20200404052641
2020-04-01,baskatong,209.03,,HQ,20200404052641
2020-04-01,cabonga,359.31,,HQ,20200404052641
2020-04-01,des_joachims,149.54,,OPG,20200404052641
2020-04-01,dozois,338.45,,HQ,20200404052641
2020-04-01,kiamika,265.4,,MELCC,20200404052641
2020-04-01,kipawa,267.63,,MELCC,20200404052641
2020-04-01,lady_evelyn,286.21,,OPG,20200404052641
2020-04-01,mitchinamecus,376.96,,MELCC,20200404052641
2020-04-01,poisson_blanc,194.08,,MELCC,20200404052641
2020-04-01,quinze,260.83,,MELCC,20200404052641
2020-04-01,timiskaming,175.87,,WSC,20200404052641
2020-04-01,timiskaming_haileybury,175.9,,WSC,20200404052641
2020-04-02,bark_lake,307.21,,OPG,20200404052641
2020-04-02,baskatong,209.17,,HQ,20200404052641
2020-04-02,cabonga,359.33,,HQ,20200404052641
2020-04-02,des_joachims,149.51,,OPG,20200404052641
2020-04-02,dozois,338.54,,HQ,20200404052641
2020-04-02,kiamika,265.43,,MELCC,20200404052641
2020-04-02,kipawa,267.64,,MELCC,20200404052641
2020-04-02,lady_evelyn,286.25,,OPG,20200404052641
2020-04-02,mitchinamecus,376.95,,MELCC,20200404052641
2020-04-02,poisson_blanc,194.22,,MELCC,20200404052641
2020-04-02,quinze,260.85,,MELCC,20200404052641
2020-04-02,timiskaming,175.95,,WSC,20200404052641
2020-04-02,timiskaming_haileybury,175.97,,WSC,20200404052641
2020-04-03,bark_lake,307.29,,OPG,20200404052641
2020-04-03,baskatong,209.23,,HQ,20200404052641
2020-04-03,cabonga,359.33,,HQ,20200404052641
2020-04-03,des_joachims,149.52,,OPG,20200404052641
2020-04-03,dozois,338.57,,HQ,20200404052641
2020-04-03,kiamika,265.44,,MELCC,20200404052641
2020-04-03,kipawa,267.65,,MELCC,20200404052641
2020-04-03,lady_evelyn,286.28,,OPG,20200404052641
2020-04-03,mitchinamecus,376.95,,MELCC,20200404052641
2020-04-03,poisson_blanc,194.27,,MELCC,20200404052641
2020-04-03,quinze,260.86,,MELCC,20200404052641
2020-04-03,timiskaming,175.96,,WSC,20200404052641
2020-04-03,timiskaming_haileybury,175.99,,WSC,20200404052641
2020-06-22,bark_lake,313.81,,OPG,20200629083441
2020-06-22,baskatong,221.53,,HQ,20200629083441
2020-06-22,cabonga,360.31,,HQ,20200629083441
2020-06-22,des_joachims,152.02,,OPG,20200629083441
2020-06-22,dozois,345.51,,HQ,20200629083441
2020-06-22,kiamika,269.46,,MELCC,20200629083441
2020-06-22,kipawa,269.53,,MELCC,20200629083441
2020-06-22,lady_evelyn,289.08,,OPG,20200629083441
2020-06-22,mitchinamecus,381.55,,MELCC,20200629083441
2020-06-22,poisson_blanc,201.07,,MELCC,20200629083441
2020-06-22,quinze,262.95,,MELCC,20200629083441
2020-06-22,timiskaming,179.28,,WSC,20200629083441
2020-06-22,timiskaming_haileybury,179.27,,WSC,20200629083441
2020-06-23,bark_lake,313.82,,OPG,20200629083441
2020-06-23,baskatong,221.53,,HQ,20200629083441
2020-06-23,cabonga,360.31,,HQ,20200629083441
2020-06-23,des_joachims,152.2,,OPG,20200629083441
2020-06-23,dozois,345.5,,HQ,20200629083441
2020-06-23,kiamika,269.45,,MELCC,20200629083441
2020-06-23,kipawa,269.52,,MELCC,20200629083441
2020-06-23,lady_evelyn,289.07,,OPG,20200629083441
2020-06-23,mitchinamecus,381.55,,MELCC,20200629083441
2020-06-23,poisson_blanc,201.06,,MELCC,20200629083441
2020-06-23,quinze,262.94,,MELCC,20200629083441
2020-06-23,timiskaming,179.28,,WSC,20200629083441
2020-06-23,timiskaming_haileybury,179.27,,WSC,20200629083441
2020-06-24,baskatong,221.51,,HQ,20200629083441
2020-06-24,cabonga,360.32,,HQ,20200629083441
2020-06-24,des_joachims,152.18,,OPG,20200629083441
2020-06-24,dozois,345.5,,HQ,20200629083441
2020-06-24,kiamika,269.42,,MELCC,20200629083441
2020-06-24,kipawa,269.48,,MELCC,20200629083441
2020-06-24,mitchinamecus,381.52,,MELCC,20200629083441
2020-06-24,poisson_blanc,201.04,,MELCC,20200629083441
2020-06-24,quinze,262.94,,MELCC,20200629083441
2020-06-24,timiskaming,179.29,,WSC,20200629083441
2020-06-24,timiskaming_haileybury,179.26,,WSC,20200629083441
2020-06-25,baskatong,221.5,,HQ,20200629083441
2020-06-25,cabonga,360.32,,HQ,20200629083441
2020-06-25,des_joachims,152.19,,OPG,20200629083441
2020-06-25,dozois,345.47,,HQ,20200629083441
2020-06-25,kiamika,269.39,,MELCC,20200629083441
2020-06-25,kipawa,269.47,,MELCC,20200629083441
2020-06-25,mitchinamecus,381.5,,MELCC,20200629083441
2020-06-25,poisson_blanc,201.02,,MELCC,20200629083441
2020-06-25,quinze,262.92,,MELCC,20200629083441
2020-06-25,timiskaming,179.29,,WSC,20200629083441
2020-06-25,timiskaming_haileybury,179.27,,WSC,20200629083441
2020-06-26,baskatong,221.51,,HQ,20200629083441
2020-06-26,cabonga,360.31,,HQ,20200629083441
2020-06-26,des_joachims,152.11,,OPG,20200629083441
2020-06-26,dozois,345.46,,HQ,20200629083441
2020-06-26,kiamika,269.36,,MELCC,20200629083441
2020-06-26,kipawa,269.46,,MELCC,20200629083441
2020-06-26,mitchinamecus,381.49,,MELCC,20200629083441
2020-06-26,poisson_blanc,201.01,,MELCC,20200629083441
2020-06-26,quinze,262.93,,MELCC,20200629083441
2020-06-26,timiskaming,179.28,,WSC,20200629083441
2020-06-26,timiskaming_haileybury,179.28,,WSC,20200629083441
2020-06-27,baskatong,221.52,,HQ,20200629083441
2020-06-27,cabonga,360.3,,HQ,20200629083441
2020-06-27,des_joachims,152.1,,OPG,20200629083441
2020-06-27,dozois,345.46,,HQ,20200629083441
2020-06-27,kiamika,269.34,,MELCC,20200629083441
2020-06-27,kipawa,269.46,,MELCC,20200629083441
2020-06-27,mitchinamecus,381.48,,MELCC,20200629083441
2020-06-27,poisson_blanc,201.0,,MELCC,20200629083441
2020-06-27,quinze,262.94,,MELCC,20200629083441
2020-06-27,timiskaming,179.3,,WSC,20200629083441
2020-06-27,timiskaming_haileybury,179.29,,WSC,20200629083441
2020-06-28,baskatong,221.52,,HQ,20200629083441
2020-06-28,cabonga,360.3,,HQ,20200629083441
2020-06-28,des_joachims,152.16,,OPG,20200629083441
2020-06-28,dozois,345.44,,HQ,20200629083441
2020-06-28,kiamika,269.34,,MELCC,20200629083441
2020-06-28,kipawa,269.46,,MELCC,20200629083441
2020-06-28,mitchinamecus,381.47,,MELCC,20200629083441
2020-06-28,poisson_blanc,200.99,,MELCC,20200629083441
2020-06-28,quinze,262.94,,MELCC,20200629083441
2020-06-28,timiskaming,179.33,,WSC,20200629083441
2020-06-28,timiskaming_haileybury,179.29,,WSC,20200629083441
2020-09-19,bark_lake,313.76,,OPG,20200926142700
2020-09-19,baskatong,221.5,,HQ,20200926142700
2020-09-19,cabonga,360.25,,HQ,20200926142700
2020-09-19,des_joachims,152.2,,OPG,20200926142700
2020-09-19,dozois,344.25,,HQ,20200926142700
2020-09-19,kiamika,268.2,,MELCC,20200926142700
2020-09-19,kipawa,269.46,,MELCC,20200926142700
2020-09-19,lady_evelyn,289.15,,OPG,20200926142700
2020-09-19,mitchinamecus,380.3,,MELCC,20200926142700
2020-09-19,poisson_blanc,199.76,,MELCC,20200926142700
2020-09-19,quinze,262.81,,MELCC,20200926142700
2020-09-19,timiskaming,179.16,,WSC,20200926142700
2020-09-19,timiskaming_haileybury,179.1,,WSC,20200926142700
2020-09-20,bark_lake,313.76,,OPG,20200926142700
2020-09-20,baskatong,221.52,,HQ,20200926142700
2020-09-20,cabonga,360.25,,HQ,20200926142700
2020-09-20,des_joachims,152.23,,OPG,20200926142700
2020-09-20,dozois,344.26,,HQ,20200926142700
2020-09-20,kiamika,268.2,,MELCC,20200926142700
2020-09-20,kipawa,269.44,,MELCC,20200926142700
2020-09-20,lady_evelyn,289.16,,OPG,20200926142700
2020-09-20,mitchinamecus,380.29,,MELCC,20200926142700
2020-09-20,poisson_blanc,199.76,,MELCC,20200926142700
2020-09-20,quinze,262.81,,MELCC,20200926142700
2020-09-20,timiskaming,179.14,,WSC,20200926142700
2020-09-20,timiskaming_haileybury,179.1,,WSC,20200926142700
2020-09-21,bark_lake,313.75,,OPG,20200926142700
2020-09-21,baskatong,221.52,,HQ,20200926142700
2020-09-21,cabonga,360.25,,HQ,20200926142700
2020-09-21,des_joachims,152.25,,OPG,20200926142700
2020-09-21,dozois,344.25,,HQ,20200926142700
2020-09-21,kiamika,268.2,,MELCC,20200926142700
2020-09-21,kipawa,269.43,,MELCC,20200926142700
2020-09-21,lady_evelyn,289.15,,OPG,20200926142700
2020-09-21,mitchinamecus,380.27,,MELCC,20200926142700
2020-09-21,poisson_blanc,199.76,,MELCC,20200926142700
2020-09-21,quinze,262.82,,MELCC,20200926142700
2020-09-21,timiskaming,179.12,,WSC,20200926142700
2020-09-21,timiskaming_haileybury,179.1,,WSC,20200926142700
2020-09-22,bark_lake,313.75,,OPG,20200926142700
2020-09-22,baskatong,221.53,,HQ,20200926142700
2020-09-22,cabonga,360.25,,HQ,20200926142700
2020-09-22,des_joachims,152.23,,OPG,20200926142700
2020-09-22,dozois,344.26,,HQ,20200926142700
2020-09-22,kiamika,268.19,,MELCC,20200926142700
2020-09-22,kipawa,269.42,,MELCC,20200926142700
2020-09-22,lady_evelyn,289.16,,OPG,20200926142700
2020-09-22,mitchinamecus,380.27,,MELCC,20200926142700
2020-09-22,poisson_blanc,199.76,,MELCC,20200926142700
2020-09-22,quinze,262.81,,MELCC,20200926142700
2020-09-22,timiskaming,179.11,,WSC,20200926142700
2020-09-22,timiskaming_haileybury,179.1,,WSC,20200926142700
2020-09-23,baskatong,221.5,,HQ,20200926142700
2020-09-23,cabonga,360.26,,HQ,20200926142700
2020-09-23,des_joachims,152.2,,OPG,20200926142700
2020-09-23,dozois,344.24,,HQ,20200926142700
2020-09-23,kiamika,268.18,,MELCC,20200926142700
2020-09-23,kipawa,269.37,,MELCC,20200926142700
2020-09-23,mitchinamecus,380.25,,MELCC,20200926142700
2020-09-23,poisson_blanc,199.73,,MELCC,20200926142700
2020-09-23,quinze,262.81,,MELCC,20200926142700
2020-09-23,timiskaming,179.14,,WSC,20200926142700
2020-09-23,timiskaming_haileybury,179.08,,WSC,20200926142700
2020-09-24,baskatong,221.48,,HQ,20200926142700
2020-09-24,cabonga,360.26,,HQ,20200926142700
2020-09-24,des_joachims,152.18,,OPG,20200926142700
2020-09-24,dozois,344.23,,HQ,20200926142700
2020-09-24,kiamika,268.17,,MELCC,20200926142700
2020-09-24,kipawa,269.34,,MELCC,20200926142700
2020-09-24,mitchinamecus,380.23,,MELCC,20200926142700
2020-09-24,poisson_blanc,199.7,,MELCC,20200926142700
2020-09-24,quinze,262.82,,MELCC,20200926142700
2020-09-24,timiskaming,179.14,,WSC,20200926142700
2020-09-24,timiskaming_haileybury,179.07,,WSC,20200926142700
2020-09-25,baskatong,221.45,,HQ,20200926142700
2020-09-25,cabonga,360.26,,HQ,20200926142700
2020-09-25,des_joachims,152.23,,OPG,20200926142700
2020-09-25,dozois,344.23,,HQ,20200926142700
2020-09-25,kiamika,268.15,,MELCC,20200926142700
2020-09-25,kipawa,269.32,,MELCC,20200926142700
2020-09-25,mitchinamecus,380.21,,MELCC,20200926142700
2020-09-25,poisson_blanc,199.65,,MELCC,20200926142700
2020-09-25,quinze,262.82,,MELCC,20200926142700
2020-09-25,timiskaming,179.11,,WSC,20200926142700
2020-09-25,timiskaming_haileybury,179.06,,WSC,20200926142700
2020-09-26,baskatong,221.41,,HQ,20200926142700
2020-09-26,cabonga,360.27,,HQ,20200926142700
2020-09-26,des_joachims,152.26,,OPG,20200926142700
2020-09-26,dozois,344.22,,HQ,20200926142700
2020-09-26,kiamika,268.14,,MELCC,20200926142700
2020-09-26,kipawa,269.3,,MELCC,20200926142700
2020-09-26,mitchinamecus,380.18,,MELCC,20200926142700
2020-09-26,poisson_blanc,199.64,,MELCC,20200926142700
2020-09-26,quinze,262.78,,MELCC,20200926142700
2020-09-26,timiskaming,179.09,,WSC,20200926142700
2020-09-26,timiskaming_haileybury,179.06,,WSC,20200926142700
2020-10-16,bark_lake,313.66,,OPG,20201023053936
2020-10-16,baskatong,220.93,,HQ,20201023053936
2020-10-16,cabonga,360.4,,HQ,20201023053936
2020-10-16,des_joachims,152.29,,OPG,20201023053936
2020-10-16,dozois,343.98,,HQ,20201023053936
2020-10-16,kiamika,268.29,,MELCC,20201023053936
2020-10-16,kipawa,269.15,,MELCC,20201023053936
2020-10-16,lady_evelyn,289.05,,OPG,20201023053936
2020-10-16,mitchinamecus,380.14,,MELCC,20201023053936
2020-10-16,poisson_blanc,200.81,,MELCC,20201023053936
2020-10-16,quinze,263.1,,MELCC,20201023053936
2020-10-16,timiskaming,179.16,,WSC,20201023053936
2020-10-16,timiskaming_haileybury,179.14,,WSC,20201023053936
2020-10-17,bark_lake,313.62,,OPG,20201023053936
2020-10-17,baskatong,220.93,,HQ,20201023053936
2020-10-17,cabonga,360.41,,HQ,20201023053936
2020-10-17,des_joachims,152.24,,OPG,20201023053936
2020-10-17,dozois,343.97,,HQ,20201023053936
2020-10-17,kiamika,268.31,,MELCC,20201023053936
2020-10-17,kipawa,269.16,,MELCC,20201023053936
2020-10-17,lady_evelyn,289.04,,OPG,20201023053936
2020-10-17,mitchinamecus,380.17,,MELCC,20201023053936
2020-10-17,poisson_blanc,200.89,,MELCC,20201023053936
2020-10-17,quinze,263.1,,MELCC,20201023053936
2020-10-17,timiskaming,179.14,,WSC,20201023053936
2020-10-17,timiskaming_haileybury,179.14,,WSC,20201023053936
2020-10-18,bark_lake,313.59,,OPG,20201023053936
2020-10-18,baskatong,220.93,,HQ,20201023053936
2020-10-18,cabonga,360.41,,HQ,20201023053936
2020-10-18,des_joachims,152.24,,OPG,20201023053936
2020-10-18,dozois,343.94,,HQ,20201023053936
2020-10-18,kiamika,268.32,,MELCC,20201023053936
2020-10-18,kipawa,269.18,,MELCC,20201023053936
2020-10-18,lady_evelyn,289.06,,OPG,20201023053936
2020-10-18,mitchinamecus,380.17,,MELCC,20201023053936
2020-10-18,poisson_blanc,200.97,,MELCC,20201023053936
2020-10-18,quinze,263.1,,MELCC,20201023053936
2020-10-18,timiskaming,179.18,,WSC,20201023053936
2020-10-18,timiskaming_haileybury,179.15,,WSC,20201023053936
2020-10-19,bark_lake,313.57,,OPG,20201023053936
2020-10-19,baskatong,220.95,,HQ,20201023053936
2020-10-19,cabonga,360.42,,HQ,20201023053936
2020-10-19,des_joachims,152.25,,OPG,20201023053936
2020-10-19,dozois,343.96,,HQ,20201023053936
2020-10-19,kiamika,268.34,,MELCC,20201023053936
2020-10-19,kipawa,269.18,,MELCC,20201023053936
2020-10-19,lady_evelyn,289.05,,OPG,20201023053936
2020-10-19,mitchinamecus,380.21,,MELCC,20201023053936
2020-10-19,poisson_blanc,201.06,,MELCC,20201023053936
2020-10-19,quinze,263.13,,MELCC,20201023053936
2020-10-19,timiskaming,179.21,,WSC,20201023053936
2020-10-19,timiskaming_haileybury,179.18,,WSC,20201023053936
2020-10-20,bark_lake,313.56,,OPG,20201023053936
2020-10-20,baskatong,220.95,,HQ,20201023053936
2020-10-20,cabonga,360.43,,HQ,20201023053936
2020-10-20,des_joachims,152.2,,OPG,20201023053936
2020-10-20,dozois,343.95,,HQ,20201023053936
2020-10-20,kiamika,268.35,,MELCC,20201023053936
2020-10-20,kipawa,269.19,,MELCC,20201023053936
2020-10-20,lady_evelyn,289.06,,OPG,20201023053936
2020-10-20,mitchinamecus,380.22,,MELCC,20201023053936
2020-10-20,poisson_blanc,201.09,,MELCC,20201023053936
2020-10-20,quinze,263.14,,MELCC,20201023053936
2020-10-20,timiskaming,179.21,,WSC,20201023053936
2020-10-20,timiskaming_haileybury,179.18,,WSC,20201023053936
2020-10-21,baskatong,220.95,,HQ,20201023053936
2020-10-21,cabonga,360.44,,HQ,20201023053936
2020-10-21,des_joachims,152.19,,OPG,20201023053936
2020-10-21,dozois,343.95,,HQ,20201023053936
2020-10-21,kiamika,268.37,,MELCC,20201023053936
2020-10-21,kipawa,269.18,,MELCC,20201023053936
2020-10-21,mitchinamecus,380.25,,MELCC,20201023053936
2020-10-21,poisson_blanc,201.18,,MELCC,20201023053936
2020-10-21,quinze,263.18,,MELCC,20201023053936
2020-10-21,timiskaming,179.2,,WSC,20201023053936
2020-10-21,timiskaming_haileybury,179.17,,WSC,20201023053936
2020-10-22,baskatong,220.95,,HQ,20201023053936
2020-10-22,cabonga,360.45,,HQ,20201023053936
2020-10-22,des_joachims,152.24,,OPG,20201023053936
2020-10-22,dozois,343.95,,HQ,20201023053936
2020-10-22,kiamika,268.39,,MELCC,20201023053936
2020-10-22,kipawa,269.2,,MELCC,20201023053936
2020-10-22,mitchinamecus,380.27,,MELCC,20201023053936
2020-10-22,poisson_blanc,201.2,,MELCC,20201023053936
2020-10-22,quinze,263.2,,MELCC,20201023053936
2020-10-22,timiskaming,179.19,,WSC,20201023053936
2020-10-22,timiskaming_haileybury,179.18,,WSC,20201023053936
2020-11-17,bark_lake,312.6,,OPG,20201124114709
2020-11-17,baskatong,221.09,,HQ,20201124114709
2020-11-17,cabonga,360.57,,HQ,20201124114709
2020-11-17,des_joachims,152.16,,OPG,20201124114709
2020-11-17,dozois,344.2,,HQ,20201124114709
2020-11-17,kiamika,268.68,,MELCC,20201124114709
2020-11-17,kipawa,269.53,,MELCC,20201124114709
2020-11-17,lady_evelyn,289.02,,OPG,20201124114709
2020-11-17,mitchinamecus,380.7,,MELCC,20201124114709
2020-11-17,poisson_blanc,201.07,,MELCC,20201124114709
2020-11-17,quinze,263.14,,MELCC,20201124114709
2020-11-17,timiskaming,179.01,,WSC,20201124114709
2020-11-17,timiskaming_haileybury,178.99,,WSC,20201124114709
2020-11-18,baskatong,221.06,,HQ,20201124114709
2020-11-18,cabonga,360.56,,HQ,20201124114709
2020-11-18,des_joachims,152.13,,OPG,20201124114709
2020-11-18,dozois,344.18,,HQ,20201124114709
2020-11-18,kiamika,268.67,,MELCC,20201124114709
2020-11-18,kipawa,269.49,,MELCC,20201124114709
2020-11-18,mitchinamecus,380.69,,MELCC,20201124114709
2020-11-18,poisson_blanc,201.05,,MELCC,20201124114709
2020-11-18,quinze,263.16,,MELCC,20201124114709
2020-11-18,timiskaming,179.01,,WSC,20201124114709
2020-11-18,timiskaming_haileybury,179.02,,WSC,20201124114709
2020-11-19,baskatong,221.04,,HQ,20201124114709
2020-11-19,cabonga,360.54,,HQ,20201124114709
2020-11-19,des_joachims,152.2,,OPG,20201124114709
2020-11-19,dozois,344.17,,HQ,20201124114709
2020-11-19,kiamika,268.66,,MELCC,20201124114709
2020-11-19,kipawa,269.5,,MELCC,20201124114709
2020-11-19,mitchinamecus,380.69,,MELCC,20201124114709
2020-11-19,poisson_blanc,201.03,,MELCC,20201124114709
2020-11-19,quinze,263.17,,MELCC,20201124114709
2020-11-19,timiskaming,178.97,,WSC,20201124114709
2020-11-19,timiskaming_haileybury,179.0,,WSC,20201124114709
2020-11-20,baskatong,221.01,,HQ,20201124114709
2020-11-20,cabonga,360.55,,HQ,20201124114709
2020-11-20,des_joachims,152.19,,OPG,20201124114709
2020-11-20,dozois,344.12,,HQ,20201124114709
2020-11-20,kiamika,268.65,,MELCC,20201124114709
2020-11-20,kipawa,269.5,,MELCC,20201124114709
2020-11-20,mitchinamecus,380.69,,MELCC,20201124114709
2020-11-20,poisson_blanc,201.0,,MELCC,20201124114709
2020-11-20,quinze,263.18,,MELCC,20201124114709
2020-11-20,timiskaming,178.99,,WSC,20201124114709
2020-11-20,timiskaming_haileybury,178.98,,WSC,20201124114709
2020-11-21,baskatong,220.98,,HQ,20201124114709
2020-11-21,cabonga,360.55,,HQ,20201124114709
2020-11-21,des_joachims,152.13,,OPG,20201124114709
2020-11-21,dozois,344.08,,HQ,20201124114709
2020-11-21,kiamika,268.64,,MELCC,20201124114709
2020-11-21,kipawa,269.5,,MELCC,20201124114709
2020-11-21,mitchinamecus,380.69,,MELCC,20201124114709
2020-11-21,poisson_blanc,200.97,,MELCC,20201124114709
2020-11-21,quinze,263.2,,MELCC,20201124114709
2020-11-21,timiskaming,179.03,,WSC,20201124114709
2020-11-21,timiskaming_haileybury,179.01,,WSC,20201124114709
2020-11-22,baskatong,220.94,,HQ,20201124114709
2020-11-22,cabonga,360.54,,HQ,20201124114709
2020-11-22,des_joachims,152.09,,OPG,20201124114709
2020-11-22,dozois,344.05,,HQ,20201124114709
2020-11-22,kiamika,268.63,,MELCC,20201124114709
2020-11-22,kipawa,269.51,,MELCC,20201124114709
2020-11-22,mitchinamecus,380.69,,MELCC,20201124114709
2020-11-22,poisson_blanc,200.94,,MELCC,20201124114709
2020-11-22,quinze,263.21,,MELCC,20201124114709
2020-11-22,timiskaming,179.02,,WSC,20201124114709
2020-11-22,timiskaming_haileybury,179.02,,WSC,20201124114709
2020-11-23,baskatong,220.91,,HQ,20201124114709
2020-11-23,cabonga,360.55,,HQ,20201124114709
2020-11-23,des_joachims,152.23,,OPG,20201124114709
2020-11-23,dozois,344.0,,HQ,20201124114709
2020-11-23,kiamika,268.64,,MELCC,20201124114709
2020-11-23,kipawa,269.51,,MELCC,20201124114709
2020-11-23,mitchinamecus,380.7,,MELCC,20201124114709
2020-11-23,poisson_blanc,200.92,,MELCC,20201124114709
2020-11-23,quinze,263.22,,MELCC,20201124114709
2020-11-23,timiskaming,179.03,,WSC,20201124114709
2020-11-23,timiskaming_haileybury,179.0,,WSC,20201124114709
2020-11-24,baskatong,220.88,,HQ,20201124114709
2020-11-24,cabonga,360.55,,HQ,20201124114709
2020-11-24,des_joachims,152.28,,OPG,20201124114709
2020-11-24,dozois,343.97,,HQ,20201124114709
2020-11-24,kiamika,268.63,,MELCC,20201124114709
2020-11-24,kipawa,269.5,,MELCC,20201124114709
2020-11-24,mitchinamecus,380.7,,MELCC,20201124114709
2020-11-24,poisson_blanc,200.88,,MELCC,20201124114709
2020-11-24,quinze,263.22,,MELCC,20201124114709
2020-11-24,timiskaming,179.01,,WSC,20201124114709
2020-11-24,timiskaming_haileybury,178.99,,WSC,20201124114709
2021-02-19,bark_lake,307.12,,OPG,20210226153055
2021-02-19,baskatong,215.34,,HQ,20210226153055
2021-02-19,cabonga,359.35,,HQ,20210226153055
2021-02-19,des_joachims,151.94,,OPG,20210226153055
2021-02-19,dozois,338.99,,HQ,20210226153055
2021-02-19,kiamika,266.97,,MELCC,20210226153055
2021-02-19,kipawa,268.03,,MELCC,20210226153055
2021-02-19,lady_evelyn,286.1,,OPG,20210226153055
2021-02-19,mitchinamecus,379.31,,MELCC,20210226153055
2021-02-19,poisson_blanc,197.77,,MELCC,20210226153055
2021-02-19,quinze,261.58,,MELCC,20210226153055
2021-02-19,timiskaming,176.73,,WSC,20210226153055
2021-02-19,timiskaming_haileybury,176.84,,WSC,20210226153055
2021-02-20,bark_lake,306.97,,OPG,20210226153055
2021-02-20,baskatong,215.18,,HQ,20210226153055
2021-02-20,cabonga,359.33,,HQ,20210226153055
2021-02-20,des_joachims,151.93,,OPG,20210226153055
2021-02-20,dozois,338.91,,HQ,20210226153055
2021-02-20,kiamika,266.94,,MELCC,20210226153055
2021-02-20,kipawa,268.0,,MELCC,20210226153055
2021-02-20,lady_evelyn,286.11,,OPG,20210226153055
2021-02-20,mitchinamecus,379.26,,MELCC,20210226153055
2021-02-20,poisson_blanc,197.63,,MELCC,20210226153055
2021-02-20,quinze,261.53,,MELCC,20210226153055
2021-02-20,timiskaming,176.65,,WSC,20210226153055
2021-02-20,timiskaming_haileybury,176.77,,WSC,20210226153055
2021-02-21,bark_lake,306.82,,OPG,20210226153055
2021-02-21,baskatong,215.01,,HQ,20210226153055
2021-02-21,cabonga,359.31,,HQ,20210226153055
2021-02-21,des_joachims,151.89,,OPG,20210226153055
2021-02-21,dozois,338.83,,HQ,20210226153055
2021-02-21,kiamika,266.89,,MELCC,20210226153055
2021-02-21,kipawa,267.97,,MELCC,20210226153055
2021-02-21,lady_evelyn,286.12,,OPG,20210226153055
2021-02-21,mitchinamecus,379.21,,MELCC,20210226153055
2021-02-21,poisson_blanc,197.49,,MELCC,20210226153055
2021-02-21,quinze,261.48,,MELCC,20210226153055
2021-02-21,timiskaming,176.57,,WSC,20210226153055
2021-02-21,timiskaming_haileybury,176.69,,WSC,20210226153055
2021-02-22,bark_lake,306.67,,OPG,20210226153055
2021-02-22,baskatong,214.86,,HQ,20210226153055
2021-02-22,cabonga,359.3,,HQ,20210226153055
2021-02-22,des_joachims,151.9,,OPG,20210226153055
2021-02-22,dozois,338.77,,HQ,20210226153055
2021-02-22,kiamika,266.86,,MELCC,20210226153055
2021-02-22,kipawa,267.93,,MELCC,20210226153055
2021-02-22,lady_evelyn,286.14,,OPG,20210226153055
2021-02-22,mitchinamecus,379.17,,MELCC,20210226153055
2021-02-22,poisson_blanc,197.35,,MELCC,20210226153055
2021-02-22,quinze,261.45,,MELCC,20210226153055
2021-02-22,timiskaming,176.5,,WSC,20210226153055
2021-02-22,timiskaming_haileybury,176.62,,WSC,20210226153055
2021-02-23,bark_lake,306.63,,OPG,20210226153055
2021-02-23,baskatong,214.81,,HQ,20210226153055
2021-02-23,cabonga,359.29,,HQ,20210226153055
2021-02-23,des_joachims,152.03,,OPG,20210226153055
2021-02-23,dozois,338.74,,HQ,20210226153055
2021-02-23,kiamika,266.84,,MELCC,20210226153055
2021-02-23,kipawa,267.93,,MELCC,20210226153055
2021-02-23,lady_evelyn,286.14,,OPG,20210226153055
2021-02-23,mitchinamecus,379.15,,MELCC,20210226153055
2021-02-23,poisson_blanc,197.31,,MELCC,20210226153055
2021-02-23,quinze,261.44,,MELCC,20210226153055
2021-02-23,timiskaming,176.49,,WSC,20210226153055
2021-02-23,timiskaming_haileybury,176.61,,WSC,20210226153055
2021-02-24,baskatong,214.64,,HQ,20210226153055
2021-02-24,cabonga,359.28,,HQ,20210226153055
2021-02-24,des_joachims,152.01,,OPG,20210226153055
2021-02-24,dozois,338.65,,HQ,20210226153055
2021-02-24,kiamika,266.8,,MELCC,20210226153055
2021-02-24,kipawa,267.85,,MELCC,20210226153055
2021-02-24,mitchinamecus,379.1,,MELCC,20210226153055
2021-02-24,poisson_blanc,197.16,,MELCC,20210226153055
2021-02-24,quinze,261.38,,MELCC,20210226153055
2021-02-24,timiskaming,176.45,,WSC,20210226153055
2021-02-24,timiskaming_haileybury,176.52,,WSC,20210226153055
2021-02-25,baskatong,214.49,,HQ,20210226153055
2021-02-25,cabonga,359.26,,HQ,20210226153055
2021-02-25,des_joachims,151.89,,OPG,20210226153055
2021-02-25,dozois,338.58,,HQ,20210226153055
2021-02-25,kiamika,266.76,,MELCC,20210226153055
2021-02-25,kipawa,267.82,,MELCC,20210226153055
2021-02-25,mitchinamecus,379.05,,MELCC,20210226153055
2021-02-25,poisson_blanc,197.01,,MELCC,20210226153055
2021-02-25,quinze,261.34,,MELCC,20210226153055
2021-02-25,timiskaming,176.4,,WSC,20210226153055
2021-02-25,timiskaming_haileybury,176.47,,WSC,20210226153055
2021-02-26,baskatong,214.35,,HQ,20210226153055
2021-02-26,cabonga,359.25,,HQ,20210226153055
2021-02-26,des_joachims,151.75,,OPG,20210226153055
2021-02-26,dozois,338.52,,HQ,20210226153055
2021-02-26,kiamika,266.73,,MELCC,20210226153055
2021-02-26,kipawa,267.79,,MELCC,20210226153055
2021-02-26,mitchinamecus,379.01,,MELCC,20210226153055
2021-02-26,poisson_blanc,196.87,,MELCC,20210226153055
2021-02-26,quinze,261.32,,MELCC,20210226153055
2021-02-26,timiskaming,176.34,,WSC,20210226153055
2021-02-26,timiskaming_haileybury,176.44,,WSC,20210226153055
2021-04-28,bark_lake,311.78,,OPG,20210506035707
2021-04-28,baskatong,219.09,,HQ,20210506035707
2021-04-28,cabonga,359.71,,HQ,20210506035707
2021-04-28,des_joachims,152.06,,OPG,20210506035707
2021-04-28,dozois,342.75,,HQ,20210506035707
2021-04-28,kiamika,267.43,,MELCC,20210506035707
2021-04-28,kipawa,269.32,,MELCC,20210506035707
2021-04-28,lady_evelyn,287.68,,OPG,20210506035707
2021-04-28,mitchinamecus,379.24,,MELCC,20210506035707
2021-04-28,poisson_blanc,200.53,,MELCC,20210506035707
2021-04-28,quinze,262.86,,MELCC,20210506035707
2021-04-28,rapide_7,309.08,,HQ,20210506035707
2021-04-28,timiskaming,178.8,,WSC,20210506035707
2021-04-28,timiskaming_haileybury,178.74,,WSC,20210506035707
2021-04-29,bark_lake,311.83,,OPG,20210506035707
2021-04-29,baskatong,219.15,,HQ,20210506035707
2021-04-29,cabonga,359.71,,HQ,20210506035707
2021-04-29,des_joachims,151.98,,OPG,20210506035707
2021-04-29,dozois,342.82,,HQ,20210506035707
2021-04-29,kiamika,267.44,,MELCC,20210506035707
2021-04-29,kipawa,269.34,,MELCC,20210506035707
2021-04-29,lady_evelyn,287.71,,OPG,20210506035707
2021-04-29,mitchinamecus,379.25,,MELCC,20210506035707
2021-04-29,poisson_blanc,200.59,,MELCC,20210506035707
2021-04-29,quinze,262.88,,MELCC,20210506035707
2021-04-29,rapide_7,309.07,,HQ,20210506035707
2021-04-29,timiskaming,178.88,,WSC,20210506035707
2021-04-29,timiskaming_haileybury,178.81,,WSC,20210506035707
2021-04-30,bark_lake,311.9,,OPG,20210506035707
2021-04-30,baskatong,219.22,,HQ,20210506035707
2021-04-30,cabonga,359.74,,HQ,20210506035707
2021-04-30,des_joachims,152.03,,OPG,20210506035707
2021-04-30,dozois,342.83,,HQ,20210506035707
2021-04-30,kiamika,267.48,,MELCC,20210506035707
2021-04-30,kipawa,269.36,,MELCC,20210506035707
2021-04-30,lady_evelyn,287.73,,OPG,20210506035707
2021-04-30,mitchinamecus,379.29,,MELCC,20210506035707
2021-04-30,poisson_blanc,200.68,,MELCC,20210506035707
2021-04-30,quinze,262.9,,MELCC,20210506035707
2021-04-30,rapide_7,309.05,,HQ,20210506035707
2021-04-30,timiskaming,178.96,,WSC,20210506035707
2021-04-30,timiskaming_haileybury,178.87,,WSC,20210506035707
2021-05-01,bark_lake,311.95,,OPG,20210506035707
2021-05-01,baskatong,219.27,,HQ,20210506035707
2021-05-01,cabonga,359.71,,HQ,20210506035707
2021-05-01,des_joachims,152.07,,OPG,20210506035707
2021-05-01,dozois,342.94,,HQ,20210506035707
2021-05-01,kiamika,267.48,,MELCC,20210506035707
2021-05-01,kipawa,269.38,,MELCC,20210506035707
2021-05-01,lady_evelyn,287.75,,OPG,20210506035707
2021-05-01,mitchinamecus,379.23,,MELCC,20210506035707
2021-05-01,poisson_blanc,200.71,,MELCC,20210506035707
2021-05-01,quinze,262.91,,MELCC,20210506035707
2021-05-01,rapide_7,309.07,,HQ,20210506035707
2021-05-01,timiskaming,178.99,,WSC,20210506035707
2021-05-01,timiskaming_haileybury,178.94,,WSC,20210506035707
2021-05-02,bark_lake,312.01,,OPG,20210506035707
2021-05-02,baskatong,219.33,,HQ,20210506035707
2021-05-02,cabonga,359.71,,HQ,20210506035707
2021-05-02,des_joachims,152.12,,OPG,20210506035707
2021-05-02,dozois,342.98,,HQ,20210506035707
2021-05-02,kiamika,267.49,,MELCC,20210506035707
2021-05-02,kipawa,269.4,,MELCC,20210506035707
2021-05-02,lady_evelyn,287.76,,OPG,20210506035707
2021-05-02,mitchinamecus,379.26,,MELCC,20210506035707
2021-05-02,poisson_blanc,200.77,,MELCC,20210506035707
2021-05-02,quinze,262.92,,MELCC,20210506035707
2021-05-02,rapide_7,309.08,,HQ,20210506035707
2021-05-02,timiskaming,179.06,,WSC,20210506035707
2021-05-02,timiskaming_haileybury,179.01,,WSC,20210506035707
2021-05-03,bark_lake,312.08,,OPG,20210506035707
2021-05-03,baskatong,219.38,,HQ,20210506035707
2021-05-03,cabonga,359.71,,HQ,20210506035707
2021-05-03,des_joachims,152.01,,OPG,20210506035707
2021-05-03,dozois,343.03,,HQ,20210506035707
2021-05-03,kiamika,267.5,,MELCC,20210506035707
2021-05-03,kipawa,269.41,,MELCC,20210506035707
2021-05-03,lady_evelyn,287.78,,OPG,20210506035707
2021-05-03,mitchinamecus,379.26,,MELCC,20210506035707
2021-05-03,poisson_blanc,200.83,,MELCC,20210506035707
2021-05-03,quinze,262.91,,MELCC,20210506035707
2021-05-03,rapide_7,309.09,,HQ,20210506035707
2021-05-03,timiskaming,179.14,,WSC,20210506035707
2021-05-03,timiskaming_haileybury,179.09,,WSC,20210506035707
2021-05-04,bark_lake,312.1,,OPG,20210506035707
2021-05-04,baskatong,219.4,,HQ,20210506035707
2021-05-04,cabonga,359.71,,HQ,20210506035707
2021-05-04,des_joachims,152.04,,OPG,20210506035707
2021-05-04,dozois,343.05,,HQ,20210506035707
2021-05-04,kiamika,267.51,,MELCC,20210506035707
2021-05-04,kipawa,269.42,,MELCC,20210506035707
2021-05-04,lady_evelyn,287.79,,OPG,20210506035707
2021-05-04,mitchinamecus,379.26,,MELCC,20210506035707
2021-05-04,poisson_blanc,200.85,,MELCC,20210506035707
2021-05-04,quinze,262.93,,MELCC,20210506035707
2021-05-04,rapide_7,309.09,,HQ,20210506035707
2021-05-04,timiskaming,179.17,,WSC,20210506035707
2021-05-04,timiskaming_haileybury,179.1,,WSC,20210506035707
2021-05-05,baskatong,219.46,,HQ,20210506035707
2021-05-05,cabonga,359.72,,HQ,20210506035707
2021-05-05,des_joachims,152.05,,OPG,20210506035707
2021-05-05,dozois,343.11,,HQ,20210506035707
2021-05-05,kiamika,267.53,,MELCC,20210506035707
2021-05-05,kipawa,269.42,,MELCC,20210506035707
2021-05-05,mitchinamecus,379.27,,MELCC,20210506035707
2021-05-05,poisson_blanc,200.92,,MELCC,20210506035707
2021-05-05,quinze,262.91,,MELCC,20210506035707
2021-05-05,rapide_7,309.09,,HQ,20210506035707
2021-05-05,timiskaming,179.31,,WSC,20210506035707
2021-05-05,timiskaming_haileybury,179.21,,WSC,20210506035707
2021-05-12,bark_lake,312.61,,OPG,20210519180049
2021-05-12,baskatong,219.85,,HQ,20210519180049
2021-05-12,cabonga,359.74,,HQ,20210519180049
2021-05-12,des_joachims,152.13,,OPG,20210519180049
2021-05-12,dozois,343.31,,HQ,20210519180049
2021-05-12,kiamika,267.61,,MELCC,20210519180049
2021-05-12,kipawa,269.52,,MELCC,20210519180049
2021-05-12,lady_evelyn,287.98,,OPG,20210519180049
2021-05-12,mitchinamecus,379.29,,MELCC,20210519180049
2021-05-12,poisson_blanc,201.19,,MELCC,20210519180049
2021-05-12,quinze,263.07,,MELCC,20210519180049
2021-05-12,rapide_7,309.13,,HQ,20210519180049
2021-05-12,timiskaming,179.34,,WSC,20210519180049
2021-05-12,timiskaming_haileybury,179.3,,WSC,20210519180049
2021-05-13,bark_lake,312.65,,OPG,20210519180049
2021-05-13,baskatong,219.88,,HQ,20210519180049
2021-05-13,cabonga,359.73,,HQ,20210519180049
2021-05-13,des_joachims,152.09,,OPG,20210519180049
2021-05-13,dozois,343.33,,HQ,20210519180049
2021-05-13,kiamika,267.62,,MELCC,20210519180049
2021-05-13,kipawa,269.51,,MELCC,20210519180049
2021-05-13,lady_evelyn,288.0,,OPG,20210519180049
2021-05-13,mitchinamecus,379.29,,MELCC,20210519180049
2021-05-13,poisson_blanc,201.24,,MELCC,20210519180049
2021-05-13,quinze,263.09,,MELCC,20210519180049
2021-05-13,rapide_7,309.13,,HQ,20210519180049
2021-05-13,timiskaming,179.32,,WSC,20210519180049
2021-05-13,timiskaming_haileybury,179.29,,WSC,20210519180049
2021-05-14,bark_lake,312.68,,OPG,20210519180049
2021-05-14,baskatong,219.94,,HQ,20210519180049
2021-05-14,cabonga,359.72,,HQ,20210519180049
2021-05-14,des_joachims,152.09,,OPG,20210519180049
2021-05-14,dozois,343.35,,HQ,20210519180049
2021-05-14,kiamika,267.63,,MELCC,20210519180049
2021-05-14,kipawa,269.52,,MELCC,20210519180049
2021-05-14,lady_evelyn,288.02,,OPG,20210519180049
2021-05-14,mitchinamecus,379.29,,MELCC,20210519180049
2021-05-14,poisson_blanc,201.28,,MELCC,20210519180049
2021-05-14,quinze,263.1,,MELCC,20210519180049
2021-05-14,rapide_7,309.13,,HQ,20210519180049
2021-05-14,timiskaming,179.32,,WSC,20210519180049
2021-05-14,timiskaming_haileybury,179.29,,WSC,20210519180049
2021-05-15,bark_lake,312.72,,OPG,20210519180049
2021-05-15,baskatong,219.98,,HQ,20210519180049
2021-05-15,cabonga,359.7,,HQ,20210519180049
2021-05-15,des_joachims,152.11,,OPG,20210519180049
2021-05-15,dozois,343.38,,HQ,20210519180049
2021-05-15,kiamika,267.64,,MELCC,20210519180049
2021-05-15,kipawa,269.53,,MELCC,20210519180049
2021-05-15,lady_evelyn,288.03,,OPG,20210519180049
2021-05-15,mitchinamecus,379.29,,MELCC,20210519180049
2021-05-15,poisson_blanc,201.31,,MELCC,20210519180049
2021-05-15,quinze,263.12,,MELCC,20210519180049
2021-05-15,rapide_7,309.13,,HQ,20210519180049
2021-05-15,timiskaming,179.3,,WSC,20210519180049
2021-05-15,timiskaming_haileybury,179.27,,WSC,20210519180049
2021-05-16,bark_lake,312.75,,OPG,20210519180049
2021-05-16,baskatong,220.03,,HQ,20210519180049
2021-05-16,cabonga,359.7,,HQ,20210519180049
2021-05-16,des_joachims,152.11,,OPG,20210519180049
2021-05-16,dozois,343.39,,HQ,20210519180049
2021-05-16,kiamika,267.64,,MELCC,20210519180049
2021-05-16,kipawa,269.52,,MELCC,20210519180049
2021-05-16,lady_evelyn,288.06,,OPG,20210519180049
2021-05-16,mitchinamecus,379.29,,MELCC,20210519180049
2021-05-16,poisson_blanc,201.35,,MELCC,20210519180049
2021-05-16,quinze,263.12,,MELCC,20210519180049
2021-05-16,rapide_7,309.13,,HQ,20210519180049
2021-05-16,timiskaming,179.29,,WSC,20210519180049
2021-05-16,timiskaming_haileybury,179.27,,WSC,20210519180049
2021-05-17,bark_lake,312.78,,OPG,20210519180049
2021-05-17,baskatong,220.07,,HQ,20210519180049
2021-05-17,cabonga,359.69,,HQ,20210519180049
2021-05-17,des_joachims,152.15,,OPG,20210519180049
2021-05-17,dozois,343.41,,HQ,20210519180049
2021-05-17,kiamika,267.65,,MELCC,20210519180049
2021-05-17,kipawa,269.52,,MELCC,20210519180049
2021-05-17,lady_evelyn,288.07,,OPG,20210519180049
2021-05-17,mitchinamecus,379.28,,MELCC,20210519180049
2021-05-17,poisson_blanc,201.37,,MELCC,20210519180049
2021-05-17,quinze,263.14,,MELCC,20210519180049
2021-05-17,rapide_7,309.13,,HQ,20210519180049
2021-05-17,timiskaming,179.31,,WSC,20210519180049
2021-05-17,timiskaming_haileybury,179.26,,WSC,20210519180049
2021-05-18,bark_lake,312.79,,OPG,20210519180049
2021-05-18,baskatong,220.09,,HQ,20210519180049
2021-05-18,cabonga,359.68,,HQ,20210519180049
2021-05-18,des_joachims,152.15,,OPG,20210519180049
2021-05-18,dozois,343.41,,HQ,20210519180049
2021-05-18,kiamika,267.66,,MELCC,20210519180049
2021-05-18,kipawa,269.53,,MELCC,20210519180049
2021-05-18,lady_evelyn,288.07,,OPG,20210519180049
2021-05-18,mitchinamecus,379.29,,MELCC,20210519180049
2021-05-18,poisson_blanc,201.39,,MELCC,20210519180049
2021-05-18,quinze,263.15,,MELCC,20210519180049
2021-05-18,rapide_7,309.13,,HQ,20210519180049
2021-05-18,timiskaming,179.29,,WSC,20210519180049
2021-05-18,timiskaming_haileybury,179.26,,WSC,20210519180049
2021-05-19,baskatong,220.14,,HQ,20210519180049
2021-05-19,cabonga,359.66,,HQ,20210519180049
2021-05-19,des_joachims,152.1,,OPG,20210519180049
2021-05-19,dozois,343.43,,HQ,20210519180049
2021-05-19,kiamika,267.66,,MELCC,20210519180049
2021-05-19,kipawa,269.5,,MELCC,20210519180049
2021-05-19,mitchinamecus,379.28,,MELCC,20210519180049
2021-05-19,poisson_blanc,201.41,,MELCC,20210519180049
2021-05-19,quinze,263.15,,MELCC,20210519180049
2021-05-19,rapide_7,309.13,,HQ,20210519180049
2021-05-19,timiskaming,179.29,,WSC,20210519180049
2021-05-19,timiskaming_haileybury,179.26,,WSC,20210519180049
2021-07-18,bark_lake,313.75,,OPG,20210725160047
2021-07-18,baskatong,220.99,,HQ,20210725160047
2021-07-18,cabonga,359.48,,HQ,20210725160047
2021-07-18,des_joachims,152.18,,OPG,20210725160047
2021-07-18,dozois,343.69,,HQ,20210725160047
2021-07-18,kiamika,267.7,,MELCC,20210725160047
2021-07-18,kipawa,269.52,,MELCC,20210725160047
2021-07-18,lady_evelyn,288.74,,OPG,20210725160047
2021-07-18,mitchinamecus,379.58,,MELCC,20210725160047
2021-07-18,poisson_blanc,200.95,,MELCC,20210725160047
2021-07-18,quinze,263.19,,MELCC,20210725160047
2021-07-18,rapide_7,309.1,,HQ,20210725160047
2021-07-18,timiskaming,179.31,,WSC,20210725160047
2021-07-18,timiskaming_haileybury,179.27,,WSC,20210725160047
2021-07-19,bark_lake,313.74,,OPG,20210725160047
2021-07-19,baskatong,221.01,,HQ,20210725160047
2021-07-19,cabonga,359.48,,HQ,20210725160047
2021-07-19,des_joachims,152.09,,OPG,20210725160047
2021-07-19,dozois,343.71,,HQ,20210725160047
2021-07-19,kiamika,267.7,,MELCC,20210725160047
2021-07-19,kipawa,269.55,,MELCC,20210725160047
2021-07-19,lady_evelyn,288.77,,OPG,20210725160047
2021-07-19,mitchinamecus,379.59,,MELCC,20210725160047
2021-07-19,poisson_blanc,200.97,,MELCC,20210725160047
2021-07-19,quinze,263.21,,MELCC,20210725160047
2021-07-19,rapide_7,309.1,,HQ,20210725160047
2021-07-19,timiskaming,179.27,,WSC,20210725160047
2021-07-19,timiskaming_haileybury,179.24,,WSC,20210725160047
2021-07-20,bark_lake,313.74,,OPG,20210725160047
2021-07-20,baskatong,221.02,,HQ,20210725160047
2021-07-20,cabonga,359.47,,HQ,20210725160047
2021-07-20,des_joachims,152.21,,OPG,20210725160047
2021-07-20,dozois,343.72,,HQ,20210725160047
2021-07-20,kiamika,267.7,,MELCC,20210725160047
2021-07-20,kipawa,269.56,,MELCC,20210725160047
2021-07-20,lady_evelyn,288.78,,OPG,20210725160047
2021-07-20,mitchinamecus,379.6,,MELCC,20210725160047
2021-07-20,poisson_blanc,200.97,,MELCC,20210725160047
2021-07-20,quinze,263.23,,MELCC,20210725160047
2021-07-20,rapide_7,309.09,,HQ,20210725160047
2021-07-20,timiskaming,179.29,,WSC,20210725160047
2021-07-20,timiskaming_haileybury,179.22,,WSC,20210725160047
2021-07-21,baskatong,221.03,,HQ,20210725160047
2021-07-21,cabonga,359.48,,HQ,20210725160047
2021-07-21,des_joachims,152.23,,OPG,20210725160047
2021-07-21,dozois,343.74,,HQ,20210725160047
2021-07-21,kiamika,267.7,,MELCC,20210725160047
2021-07-21,kipawa,269.5,,MELCC,20210725160047
2021-07-21,mitchinamecus,379.61,,MELCC,20210725160047
2021-07-21,poisson_blanc,200.98,,MELCC,20210725160047
2021-07-21,quinze,263.23,,MELCC,20210725160047
2021-07-21,rapide_7,309.07,,HQ,20210725160047
2021-07-21,timiskaming,179.28,,WSC,20210725160047
2021-07-21,timiskaming_haileybury,179.22,,WSC,20210725160047
2021-07-22,baskatong,221.04,,HQ,20210725160047
2021-07-22,cabonga,359.48,,HQ,20210725160047
2021-07-22,des_joachims,152.17,,OPG,20210725160047
2021-07-22,dozois,343.75,,HQ,20210725160047
2021-07-22,kiamika,267.69,,MELCC,20210725160047
2021-07-22,kipawa,269.49,,MELCC,20210725160047
2021-07-22,mitchinamecus,379.6,,MELCC,20210725160047
2021-07-22,poisson_blanc,200.97,,MELCC,20210725160047
2021-07-22,quinze,263.23,,MELCC,20210725160047
2021-07-22,rapide_7,309.07,,HQ,20210725160047
2021-07-22,timiskaming,179.24,,WSC,20210725160047
2021-07-22,timiskaming_haileybury,179.19,,WSC,20210725160047
2021-07-23,baskatong,221.05,,HQ,20210725160047
2021-07-23,cabonga,359.48,,HQ,20210725160047
2021-07-23,des_joachims,152.14,,OPG,20210725160047
2021-07-23,dozois,343.76,,HQ,20210725160047
2021-07-23,kiamika,267.69,,MELCC,20210725160047
2021-07-23,kipawa,269.5,,MELCC,20210725160047
2021-07-23,mitchinamecus,379.6,,MELCC,20210725160047
2021-07-23,poisson_blanc,200.96,,MELCC,20210725160047
2021-07-23,quinze,263.25,,MELCC,20210725160047
2021-07-23,rapide_7,309.06,,HQ,20210725160047
2021-07-23,timiskaming,179.23,,WSC,20210725160047
2021-07-23,timiskaming_haileybury,179.19,,WSC,20210725160047
2021-07-24,baskatong,221.05,,HQ,20210725160047
2021-07-24,cabonga,359.48,,HQ,20210725160047
2021-07-24,des_joachims,152.16,,OPG,20210725160047
2021-07-24,dozois,343.78,,HQ,20210725160047
2021-07-24,kiamika,267.68,,MELCC,20210725160047
2021-07-24,kipawa,269.51,,MELCC,20210725160047
2021-07-24,mitchinamecus,379.59,,MELCC,20210725160047
2021-07-24,poisson_blanc,200.94,,MELCC,20210725160047
2021-07-24,quinze,263.24,,MELCC,20210725160047
2021-07-24,rapide_7,309.08,,HQ,20210725160047
2021-07-24,timiskaming,179.2,,WSC,20210725160047
2021-07-24,timiskaming_haileybury,179.19,,WSC,20210725160047
2021-07-25,baskatong,221.07,,HQ,20210725160047
2021-07-25,cabonga,359.48,,HQ,20210725160047
2021-07-25,des_joachims,152.23,,OPG,20210725160047
2021-07-25,dozois,343.8,,HQ,20210725160047
2021-07-25,kiamika,267.7,,MELCC,20210725160047
2021-07-25,kipawa,269.51,,MELCC,20210725160047
2021-07-25,mitchinamecus,379.62,,MELCC,20210725160047
2021-07-25,poisson_blanc,200.95,,MELCC,20210725160047
2021-07-25,quinze,263.23,,MELCC,20210725160047
2021-07-25,rapide_7,309.09,,HQ,20210725160047
2021-07-25,timiskaming,179.23,,WSC,20210725160047
2021-07-25,timiskaming_haileybury,179.21,,WSC,20210725160047
2021-09-11,bark_lake,313.75,,OPG,20210919020238
2021-09-11,baskatong,220.59,,HQ,20210919020238
2021-09-11,cabonga,359.3,,HQ,20210919020238
2021-09-11,des_joachims,152.13,,OPG,20210919020238
2021-09-11,dozois,343.46,,HQ,20210919020238
2021-09-11,kiamika,267.36,,MELCC,20210919020238
2021-09-11,kipawa,269.44,,MELCC,20210919020238
2021-09-11,lady_evelyn,289.06,,OPG,20210919020238
2021-09-11,mitchinamecus,379.09,,MELCC,20210919020238
2021-09-11,poisson_blanc,199.84,,MELCC,20210919020238
2021-09-11,quinze,262.64,,MELCC,20210919020238
2021-09-11,rapide_7,308.91,,HQ,20210919020238
2021-09-11,timiskaming,178.96,,WSC,20210919020238
2021-09-11,timiskaming_haileybury,178.87,,WSC,20210919020238
2021-09-12,bark_lake,313.75,,OPG,20210919020238
2021-09-12,baskatong,220.6,,HQ,20210919020238
2021-09-12,cabonga,359.29,,HQ,20210919020238
2021-09-12,des_joachims,152.15,,OPG,20210919020238
2021-09-12,dozois,343.45,,HQ,20210919020238
2021-09-12,kiamika,267.35,,MELCC,20210919020238
2021-09-12,kipawa,269.44,,MELCC,20210919020238
2021-09-12,lady_evelyn,289.05,,OPG,20210919020238
2021-09-12,mitchinamecus,379.08,,MELCC,20210919020238
2021-09-12,poisson_blanc,199.8,,MELCC,20210919020238
2021-09-12,quinze,262.65,,MELCC,20210919020238
2021-09-12,rapide_7,308.92,,HQ,20210919020238
2021-09-12,timiskaming,178.99,,WSC,20210919020238
2021-09-12,timiskaming_haileybury,178.88,,WSC,20210919020238
2021-09-13,bark_lake,313.75,,OPG,20210919020238
2021-09-13,baskatong,220.56,,HQ,20210919020238
2021-09-13,cabonga,359.29,,HQ,20210919020238
2021-09-13,des_joachims,152.17,,OPG,20210919020238
2021-09-13,dozois,343.44,,HQ,20210919020238
2021-09-13,kiamika,267.33,,MELCC,20210919020238
2021-09-13,kipawa,269.43,,MELCC,20210919020238
2021-09-13,lady_evelyn,289.05,,OPG,20210919020238
2021-09-13,mitchinamecus,379.07,,MELCC,20210919020238
2021-09-13,poisson_blanc,199.79,,MELCC,20210919020238
2021-09-13,quinze,262.65,,MELCC,20210919020238
2021-09-13,rapide_7,308.92,,HQ,20210919020238
2021-09-13,timiskaming,178.98,,WSC,20210919020238
2021-09-13,timiskaming_haileybury,178.9,,WSC,20210919020238
2021-09-14,bark_lake,313.75,,OPG,20210919020238
2021-09-14,baskatong,220.56,,HQ,20210919020238
2021-09-14,cabonga,359.28,,HQ,20210919020238
2021-09-14,des_joachims,152.13,,OPG,20210919020238
2021-09-14,dozois,343.44,,HQ,20210919020238
2021-09-14,kiamika,267.33,,MELCC,20210919020238
2021-09-14,kipawa,269.43,,MELCC,20210919020238
2021-09-14,lady_evelyn,289.05,,OPG,20210919020238
2021-09-14,mitchinamecus,379.06,,MELCC,20210919020238
2021-09-14,poisson_blanc,199.78,,MELCC,20210919020238
2021-09-14,quinze,262.65,,MELCC,20210919020238
2021-09-14,rapide_7,308.93,,HQ,20210919020238
2021-09-14,timiskaming,178.97,,WSC,20210919020238
2021-09-14,timiskaming_haileybury,178.89,,WSC,20210919020238
2021-09-15,baskatong,220.53,,HQ,20210919020238
2021-09-15,cabonga,359.31,,HQ,20210919020238
2021-09-15,des_joachims,152.2,,OPG,20210919020238
2021-09-15,dozois,343.42,,HQ,20210919020238
2021-09-15,kiamika,267.34,,MELCC,20210919020238
2021-09-15,kipawa,269.4,,MELCC,20210919020238
2021-09-15,mitchinamecus,379.07,,MELCC,20210919020238
2021-09-15,poisson_blanc,199.78,,MELCC,20210919020238
2021-09-15,quinze,262.62,,MELCC,20210919020238
2021-09-15,rapide_7,308.93,,HQ,20210919020238
2021-09-15,timiskaming,178.97,,WSC,20210919020238
2021-09-15,timiskaming_haileybury,178.91,,WSC,20210919020238
2021-09-16,baskatong,220.5,,HQ,20210919020238
2021-09-16,cabonga,359.3,,HQ,20210919020238
2021-09-16,des_joachims,152.18,,OPG,20210919020238
2021-09-16,dozois,343.41,,HQ,20210919020238
2021-09-16,kiamika,267.34,,MELCC,20210919020238
2021-09-16,kipawa,269.39,,MELCC,20210919020238
2021-09-16,mitchinamecus,379.05,,MELCC,20210919020238
2021-09-16,poisson_blanc,199.77,,MELCC,20210919020238
2021-09-16,quinze,262.63,,MELCC,20210919020238
2021-09-16,rapide_7,308.94,,HQ,20210919020238
2021-09-16,timiskaming,178.98,,WSC,20210919020238
2021-09-16,timiskaming_haileybury,178.91,,WSC,20210919020238
2021-09-17,baskatong,220.47,,HQ,20210919020238
2021-09-17,cabonga,359.3,,HQ,20210919020238
2021-09-17,des_joachims,152.18,,OPG,20210919020238
2021-09-17,dozois,343.39,,HQ,20210919020238
2021-09-17,kiamika,267.33,,MELCC,20210919020238
2021-09-17,kipawa,269.38,,MELCC,20210919020238
2021-09-17,mitchinamecus,379.03,,MELCC,20210919020238
2021-09-17,poisson_blanc,199.76,,MELCC,20210919020238
2021-09-17,quinze,262.62,,MELCC,20210919020238
2021-09-17,rapide_7,308.91,,HQ,20210919020238
2021-09-17,timiskaming,178.95,,WSC,20210919020238
2021-09-17,timiskaming_haileybury,178.91,,WSC,20210919020238
2021-09-18,baskatong,220.43,,HQ,20210919020238
2021-09-18,cabonga,359.3,,HQ,20210919020238
2021-09-18,des_joachims,152.19,,OPG,20210919020238
2021-09-18,dozois,343.35,,HQ,20210919020238
2021-09-18,kiamika,267.32,,MELCC,20210919020238
2021-09-18,kipawa,269.36,,MELCC,20210919020238
2021-09-18,mitchinamecus,379.02,,MELCC,20210919020238
2021-09-18,poisson_blanc,199.76,,MELCC,20210919020238
2021-09-18,quinze,262.64,,MELCC,20210919020238
2021-09-18,rapide_7,308.89,,HQ,20210919020238
2021-09-18,timiskaming,179.0,,WSC,20210919020238
2021-09-18,timiskaming_haileybury,178.91,,WSC,20210919020238
2021-11-28,bark_lake,312.75,,OPG,20211205202755
2021-11-28,baskatong,219.93,,HQ,20211205202755
2021-11-28,cabonga,359.56,,HQ,20211205202755
2021-11-28,des_joachims,152.04,,OPG,20211205202755
2021-11-28,dozois,342.92,,HQ,20211205202755
2021-11-28,kiamika,268.64,,MELCC,20211205202755
2021-11-28,kipawa,269.41,,MELCC,20211205202755
2021-11-28,lady_evelyn,288.78,,OPG,20211205202755
2021-11-28,mitchinamecus,380.83,,MELCC,20211205202755
2021-11-28,poisson_blanc,200.48,,MELCC,20211205202755
2021-11-28,quinze,262.45,,MELCC,20211205202755
2021-11-28,rapide_7,309.02,,HQ,20211205202755
2021-11-28,timiskaming,178.78,,WSC,20211205202755
2021-11-28,timiskaming_haileybury,178.71,,WSC,20211205202755
2021-11-29,bark_lake,312.72,,OPG,20211205202755
2021-11-29,baskatong,219.91,,HQ,20211205202755
2021-11-29,cabonga,359.55,,HQ,20211205202755
2021-11-29,des_joachims,152.0,,OPG,20211205202755
2021-11-29,dozois,342.91,,HQ,20211205202755
2021-11-29,kiamika,268.63,,MELCC,20211205202755
2021-11-29,kipawa,269.41,,MELCC,20211205202755
2021-11-29,lady_evelyn,288.78,,OPG,20211205202755
2021-11-29,mitchinamecus,380.83,,MELCC,20211205202755
2021-11-29,poisson_blanc,200.43,,MELCC,20211205202755
2021-11-29,quinze,262.46,,MELCC,20211205202755
2021-11-29,rapide_7,309.02,,HQ,20211205202755
2021-11-29,timiskaming,178.78,,WSC,20211205202755
2021-11-29,timiskaming_haileybury,178.71,,WSC,20211205202755
2021-11-30,bark_lake,312.71,,OPG,20211205202755
2021-11-30,baskatong,219.9,,HQ,20211205202755
2021-11-30,cabonga,359.54,,HQ,20211205202755
2021-11-30,des_joachims,151.9,,OPG,20211205202755
2021-11-30,dozois,342.91,,HQ,20211205202755
2021-11-30,kiamika,268.64,,MELCC,20211205202755
2021-11-30,kipawa,269.41,,MELCC,20211205202755
2021-11-30,lady_evelyn,288.78,,OPG,20211205202755
2021-11-30,mitchinamecus,380.83,,MELCC,20211205202755
2021-11-30,poisson_blanc,200.41,,MELCC,20211205202755
2021-11-30,quinze,262.47,,MELCC,20211205202755
2021-11-30,rapide_7,309.03,,HQ,20211205202755
2021-11-30,timiskaming,178.78,,WSC,20211205202755
2021-11-30,timiskaming_haileybury,178.77,,WSC,20211205202755
2021-12-01,baskatong,219.88,,HQ,20211205202755
2021-12-01,cabonga,359.53,,HQ,20211205202755
2021-12-01,des_joachims,151.85,,OPG,20211205202755
2021-12-01,dozois,342.9,,HQ,20211205202755
2021-12-01,kiamika,268.63,,MELCC,20211205202755
2021-12-01,kipawa,269.38,,MELCC,20211205202755
2021-12-01,mitchinamecus,380.84,,MELCC,20211205202755
2021-12-01,poisson_blanc,200.34,,MELCC,20211205202755
2021-12-01,quinze,262.45,,MELCC,20211205202755
2021-12-01,rapide_7,309.04,,HQ,20211205202755
2021-12-01,timiskaming,178.77,,WSC,20211205202755
2021-12-01,timiskaming_haileybury,178.71,,WSC,20211205202755
2021-12-02,baskatong,219.86,,HQ,20211205202755
2021-12-02,cabonga,359.53,,HQ,20211205202755
2021-12-02,des_joachims,151.86,,OPG,20211205202755
2021-12-02,dozois,342.91,,HQ,20211205202755
2021-12-02,kiamika,268.64,,MELCC,20211205202755
2021-12-02,kipawa,269.38,,MELCC,20211205202755
2021-12-02,mitchinamecus,380.86,,MELCC,20211205202755
2021-12-02,poisson_blanc,200.29,,MELCC,20211205202755
2021-12-02,quinze,262.45,,MELCC,20211205202755
2021-12-02,rapide_7,309.04,,HQ,20211205202755
2021-12-02,timiskaming,178.78,,WSC,20211205202755
2021-12-02,timiskaming_haileybury,178.7,,WSC,20211205202755
2021-12-03,baskatong,219.84,,HQ,20211205202755
2021-12-03,cabonga,359.53,,HQ,20211205202755
2021-12-03,des_joachims,151.96,,OPG,20211205202755
2021-12-03,dozois,342.88,,HQ,20211205202755
2021-12-03,kiamika,268.64,,MELCC,20211205202755
2021-12-03,kipawa,269.37,,MELCC,20211205202755
2021-12-03,mitchinamecus,380.87,,MELCC,20211205202755
2021-12-03,poisson_blanc,200.24,,MELCC,20211205202755
2021-12-03,quinze,262.46,,MELCC,20211205202755
2021-12-03,rapide_7,309.03,,HQ,20211205202755
2021-12-03,timiskaming,178.78,,WSC,20211205202755
2021-12-03,timiskaming_haileybury,178.7,,WSC,20211205202755
2021-12-04,baskatong,219.82,,HQ,20211205202755
2021-12-04,cabonga,359.5,,HQ,20211205202755
2021-12-04,des_joachims,151.97,,OPG,20211205202755
2021-12-04,dozois,342.86,,HQ,20211205202755
2021-12-04,kiamika,268.64,,MELCC,20211205202755
2021-12-04,kipawa,269.38,,MELCC,20211205202755
2021-12-04,mitchinamecus,380.87,,MELCC,20211205202755
2021-12-04,poisson_blanc,200.19,,MELCC,20211205202755
2021-12-04,quinze,262.47,,MELCC,20211205202755
2021-12-04,rapide_7,309.03,,HQ,20211205202755
2021-12-04,timiskaming,178.78,,WSC,20211205202755
2021-12-04,timiskaming_haileybury,178.71,,WSC,20211205202755
2021-12-05,baskatong,219.79,,HQ,20211205202755
2021-12-05,cabonga,359.49,,HQ,20211205202755
2021-12-05,des_joachims,151.96,,OPG,20211205202755
2021-12-05,dozois,342.84,,HQ,20211205202755
2021-12-05,kiamika,268.64,,MELCC,20211205202755
2021-12-05,kipawa,269.37,,MELCC,20211205202755
2021-12-05,mitchinamecus,380.88,,MELCC,20211205202755
2021-12-05,poisson_blanc,200.15,,MELCC,20211205202755
2021-12-05,quinze,262.48,,MELCC,20211205202755
2021-12-05,rapide_7,309.04,,HQ,20211205202755
2021-12-05,timiskaming,178.78,,WSC,20211205202755
2021-12-05,timiskaming_haileybury,178.7,,WSC,20211205202755
2022-01-14,bark_lake,310.21,,OPG,20220121092816
2022-01-14,baskatong,217.98,,HQ,20220121092816
2022-01-14,cabonga,359.09,,HQ,20220121092816
2022-01-14,des_joachims,152.03,,OPG,20220121092816
2022-01-14,dozois,341.6,,HQ,20220121092816
2022-01-14,kiamika,268.18,,MELCC,20220121092816
2022-01-14,kipawa,268.96,,MELCC,20220121092816
2022-01-14,lady_evelyn,287.98,,OPG,20220121092816
2022-01-14,mitchinamecus,380.15,,MELCC,20220121092816
2022-01-14,poisson_blanc,200.38,,MELCC,20220121092816
2022-01-14,quinze,262.3,,MELCC,20220121092816
2022-01-14,rapide_7,308.84,,HQ,20220121092816
2022-01-14,timiskaming,178.68,,WSC,20220121092816
2022-01-14,timiskaming_haileybury,178.67,,WSC,20220121092816
2022-01-15,bark_lake,310.0,,OPG,20220121092816
2022-01-15,baskatong,217.87,,HQ,20220121092816
2022-01-15,cabonga,359.07,,HQ,20220121092816
2022-01-15,des_joachims,152.01,,OPG,20220121092816
2022-01-15,dozois,341.55,,HQ,20220121092816
2022-01-15,kiamika,268.15,,MELCC,20220121092816
2022-01-15,kipawa,268.94,,MELCC,20220121092816
2022-01-15,lady_evelyn,287.93,,OPG,20220121092816
2022-01-15,mitchinamecus,380.1,,MELCC,20220121092816
2022-01-15,poisson_blanc,200.29,,MELCC,20220121092816
2022-01-15,quinze,262.26,,MELCC,20220121092816
2022-01-15,rapide_7,308.83,,HQ,20220121092816
2022-01-15,timiskaming,178.63,,WSC,20220121092816
2022-01-15,timiskaming_haileybury,178.65,,WSC,20220121092816
2022-01-16,bark_lake,309.8,,OPG,20220121092816
2022-01-16,baskatong,217.77,,HQ,20220121092816
2022-01-16,cabonga,359.06,,HQ,20220121092816
2022-01-16,des_joachims,151.98,,OPG,20220121092816
2022-01-16,dozois,341.49,,HQ,20220121092816
2022-01-16,kiamika,268.12,,MELCC,20220121092816
2022-01-16,kipawa,268.92,,MELCC,20220121092816
2022-01-16,lady_evelyn,287.87,,OPG,20220121092816
2022-01-16,mitchinamecus,380.07,,MELCC,20220121092816
2022-01-16,poisson_blanc,200.2,,MELCC,20220121092816
2022-01-16,quinze,262.22,,MELCC,20220121092816
2022-01-16,rapide_7,308.81,,HQ,20220121092816
2022-01-16,timiskaming,178.59,,WSC,20220121092816
2022-01-16,timiskaming_haileybury,178.6,,WSC,20220121092816
2022-01-17,bark_lake,309.64,,OPG,20220121092816
2022-01-17,baskatong,217.68,,HQ,20220121092816
2022-01-17,cabonga,359.06,,HQ,20220121092816
2022-01-17,des_joachims,151.94,,OPG,20220121092816
2022-01-17,dozois,341.43,,HQ,20220121092816
2022-01-17,kiamika,268.11,,MELCC,20220121092816
2022-01-17,kipawa,268.9,,MELCC,20220121092816
2022-01-17,lady_evelyn,287.81,,OPG,20220121092816
2022-01-17,mitchinamecus,380.04,,MELCC,20220121092816
2022-01-17,poisson_blanc,200.14,,MELCC,20220121092816
2022-01-17,quinze,262.17,,MELCC,20220121092816
2022-01-17,rapide_7,308.79,,HQ,20220121092816
2022-01-17,timiskaming,178.54,,WSC,20220121092816
2022-01-17,timiskaming_haileybury,178.53,,WSC,20220121092816
2022-01-18,bark_lake,309.59,,OPG,20220121092816
2022-01-18,baskatong,217.65,,HQ,20220121092816
2022-01-18,cabonga,359.05,,HQ,20220121092816
2022-01-18,des_joachims,151.94,,OPG,20220121092816
2022-01-18,dozois,341.42,,HQ,20220121092816
2022-01-18,kiamika,268.1,,MELCC,20220121092816
2022-01-18,kipawa,268.89,,MELCC,20220121092816
2022-01-18,lady_evelyn,287.8,,OPG,20220121092816
2022-01-18,mitchinamecus,380.03,,MELCC,20220121092816
2022-01-18,poisson_blanc,200.11,,MELCC,20220121092816
2022-01-18,quinze,262.15,,MELCC,20220121092816
2022-01-18,rapide_7,308.79,,HQ,20220121092816
2022-01-18,timiskaming,178.5,,WSC,20220121092816
2022-01-18,timiskaming_haileybury,178.52,,WSC,20220121092816
2022-01-19,baskatong,217.54,,HQ,20220121092816
2022-01-19,cabonga,359.04,,HQ,20220121092816
2022-01-19,des_joachims,151.97,,OPG,20220121092816
2022-01-19,dozois,341.36,,HQ,20220121092816
2022-01-19,kiamika,268.08,,MELCC,20220121092816
2022-01-19,kipawa,268.84,,MELCC,20220121092816
2022-01-19,mitchinamecus,380.0,,MELCC,20220121092816
2022-01-19,poisson_blanc,200.02,,MELCC,20220121092816
2022-01-19,quinze,262.12,,MELCC,20220121092816
2022-01-19,rapide_7,308.78,,HQ,20220121092816
2022-01-19,timiskaming,178.42,,WSC,20220121092816
2022-01-19,timiskaming_haileybury,178.45,,WSC,20220121092816
2022-01-20,baskatong,217.43,,HQ,20220121092816
2022-01-20,cabonga,359.03,,HQ,20220121092816
2022-01-20,des_joachims,151.95,,OPG,20220121092816
2022-01-20,dozois,341.31,,HQ,20220121092816
2022-01-20,kiamika,268.05,,MELCC,20220121092816
2022-01-20,kipawa,268.81,,MELCC,20220121092816
2022-01-20,mitchinamecus,379.96,,MELCC,20220121092816
2022-01-20,poisson_blanc,199.94,,MELCC,20220121092816
2022-01-20,quinze,262.07,,MELCC,20220121092816
2022-01-20,rapide_7,308.76,,HQ,20220121092816
2022-01-20,timiskaming,178.37,,WSC,20220121092816
2022-01-20,timiskaming_haileybury,178.39,,WSC,20220121092816
2022-01-21,baskatong,217.37,,HQ,20220121092816
2022-01-21,cabonga,359.02,,HQ,20220121092816
2022-01-21,des_joachims,151.93,,OPG,20220121092816
2022-01-21,dozois,341.27,,HQ,20220121092816
2022-01-21,kiamika,268.03,,MELCC,20220121092816
2022-01-21,kipawa,268.8,,MELCC,20220121092816
2022-01-21,mitchinamecus,379.94,,MELCC,20220121092816
2022-01-21,poisson_blanc,199.89,,MELCC,20220121092816
2022-01-21,quinze,262.04,,MELCC,20220121092816
2022-01-21,rapide_7,308.75,,HQ,20220121092816
2022-01-21,timiskaming,178.35,,WSC,20220121092816
2022-01-21,timiskaming_haileybury,178.38,,WSC,20220121092816
2022-02-07,bark_lake,307.18,,OPG,20220215035902
2022-02-07,baskatong,215.11,,HQ,20220215035902
2022-02-07,cabonga,359.09,,HQ,20220215035902
2022-02-07,des_joachims,151.94,,OPG,20220215035902
2022-02-07,dozois,339.75,,HQ,20220215035902
2022-02-07,kiamika,267.5,,MELCC,20220215035902
2022-02-07,kipawa,268.4,,MELCC,20220215035902
2022-02-07,lady_evelyn,286.64,,OPG,20220215035902
2022-02-07,mitchinamecus,379.27,,MELCC,20220215035902
2022-02-07,poisson_blanc,198.15,,MELCC,20220215035902
2022-02-07,quinze,261.21,,MELCC,20220215035902
2022-02-07,rapide_7,308.45,,HQ,20220215035902
2022-02-07,timiskaming,177.33,,WSC,20220215035902
2022-02-07,timiskaming_haileybury,177.43,,WSC,20220215035902
2022-02-08,bark_lake,307.15,,OPG,20220215035902
2022-02-08,baskatong,215.06,,HQ,20220215035902
2022-02-08,cabonga,359.09,,HQ,20220215035902
2022-02-08,des_joachims,151.96,,OPG,20220215035902
2022-02-08,dozois,339.72,,HQ,20220215035902
2022-02-08,kiamika,267.49,,MELCC,20220215035902
2022-02-08,kipawa,268.39,,MELCC,20220215035902
2022-02-08,lady_evelyn,286.63,,OPG,20220215035902
2022-02-08,mitchinamecus,379.26,,MELCC,20220215035902
2022-02-08,poisson_blanc,198.11,,MELCC,20220215035902
2022-02-08,quinze,261.2,,MELCC,20220215035902
2022-02-08,rapide_7,308.44,,HQ,20220215035902
2022-02-08,timiskaming,177.31,,WSC,20220215035902
2022-02-08,timiskaming_haileybury,177.41,,WSC,20220215035902
2022-02-09,baskatong,214.9,,HQ,20220215035902
2022-02-09,cabonga,359.09,,HQ,20220215035902
2022-02-09,des_joachims,151.81,,OPG,20220215035902
2022-02-09,dozois,339.61,,HQ,20220215035902
2022-02-09,kiamika,267.46,,MELCC,20220215035902
2022-02-09,kipawa,268.33,,MELCC,20220215035902
2022-02-09,mitchinamecus,379.22,,MELCC,20220215035902
2022-02-09,poisson_blanc,197.98,,MELCC,20220215035902
2022-02-09,quinze,261.17,,MELCC,20220215035902
2022-02-09,rapide_7,308.47,,HQ,20220215035902
2022-02-09,timiskaming,177.24,,WSC,20220215035902
2022-02-09,timiskaming_haileybury,177.34,,WSC,20220215035902
2022-02-10,baskatong,214.76,,HQ,20220215035902
2022-02-10,cabonga,359.1,,HQ,20220215035902
2022-02-10,des_joachims,151.9,,OPG,20220215035902
2022-02-10,dozois,339.52,,HQ,20220215035902
2022-02-10,kiamika,267.43,,MELCC,20220215035902
2022-02-10,kipawa,268.3,,MELCC,20220215035902
2022-02-10,mitchinamecus,379.17,,MELCC,20220215035902
2022-02-10,poisson_blanc,197.87,,MELCC,20220215035902
2022-02-10,quinze,261.13,,MELCC,20220215035902
2022-02-10,rapide_7,308.48,,HQ,20220215035902
2022-02-10,timiskaming,177.18,,WSC,20220215035902
2022-02-10,timiskaming_haileybury,177.3,,WSC,20220215035902
2022-02-11,baskatong,214.62,,HQ,20220215035902
2022-02-11,cabonga,359.1,,HQ,20220215035902
2022-02-11,des_joachims,151.98,,OPG,20220215035902
2022-02-11,dozois,339.43,,HQ,20220215035902
2022-02-11,kiamika,267.4,,MELCC,20220215035902
2022-02-11,kipawa,268.28,,MELCC,20220215035902
2022-02-11,mitchinamecus,379.13,,MELCC,20220215035902
2022-02-11,poisson_blanc,197.76,,MELCC,20220215035902
2022-02-11,quinze,261.11,,MELCC,20220215035902
2022-02-11,rapide_7,308.5,,HQ,20220215035902
2022-02-11,timiskaming,177.11,,WSC,20220215035902
2022-02-11,timiskaming_haileybury,177.24,,WSC,20220215035902
2022-02-12,baskatong,214.47,,HQ,20220215035902
2022-02-12,cabonga,359.11,,HQ,20220215035902
2022-02-12,des_joachims,152.07,,OPG,20220215035902
2022-02-12,dozois,339.33,,HQ,20220215035902
2022-02-12,kiamika,267.38,,MELCC,20220215035902
2022-02-12,kipawa,268.24,,MELCC,20220215035902
2022-02-12,mitchinamecus,379.09,,MELCC,20220215035902
2022-02-12,poisson_blanc,197.66,,MELCC,20220215035902
2022-02-12,quinze,261.07,,MELCC,20220215035902
2022-02-12,rapide_7,308.52,,HQ,20220215035902
2022-02-12,timiskaming,177.08,,WSC,20220215035902
2022-02-12,timiskaming_haileybury,177.18,,WSC,20220215035902
2022-02-13,baskatong,214.33,,HQ,20220215035902
2022-02-13,cabonga,359.11,,HQ,20220215035902
2022-02-13,des_joachims,151.91,,OPG,20220215035902
2022-02-13,dozois,339.23,,HQ,20220215035902
2022-02-13,kiamika,267.35,,MELCC,20220215035902
2022-02-13,kipawa,268.22,,MELCC,20220215035902
2022-02-13,mitchinamecus,379.04,,MELCC,20220215035902
2022-02-13,poisson_blanc,197.55,,MELCC,20220215035902
2022-02-13,quinze,261.04,,MELCC,20220215035902
2022-02-13,rapide_7,308.52,,HQ,20220215035902
2022-02-13,timiskaming,177.0,,WSC,20220215035902
2022-02-13,timiskaming_haileybury,177.13,,WSC,20220215035902
2022-02-14,baskatong,214.12,,HQ,20220215035902
2022-02-14,cabonga,359.11,,HQ,20220215035902
2022-02-14,des_joachims,151.71,,OPG,20220215035902
2022-02-14,dozois,339.1,,HQ,20220215035902
2022-02-14,kiamika,267.31,,MELCC,20220215035902
2022-02-14,kipawa,268.19,,MELCC,20220215035902
2022-02-14,mitchinamecus,378.97,,MELCC,20220215035902
2022-02-14,poisson_blanc,197.38,,MELCC,20220215035902
2022-02-14,quinze,261.0,,MELCC,20220215035902
2022-02-14,rapide_7,308.47,,HQ,20220215035902
2022-02-14,timiskaming,176.93,,WSC,20220215035902
2022-02-14,timiskaming_haileybury,177.06,,WSC,20220215035902
2022-05-22,bark_lake,313.82,,OPG,20220529084300
2022-05-22,baskatong,221.94,,HQ,20220529084300
2022-05-22,cabonga,360.64,,HQ,20220529084300
2022-05-22,des_joachims,152.17,,OPG,20220529084300
2022-05-22,dozois,345.47,,HQ,20220529084300
2022-05-22,kiamika,269.84,,MELCC,20220529084300
2022-05-22,kipawa,269.49,,MELCC,20220529084300
2022-05-22,lady_evelyn,289.18,,OPG,20220529084300
2022-05-22,mitchinamecus,381.45,,MELCC,20220529084300
2022-05-22,poisson_blanc,201.63,,MELCC,20220529084300
2022-05-22,quinze,263.35,,MELCC,20220529084300
2022-05-22,rapide_7,309.0,,HQ,20220529084300
2022-05-22,timiskaming,178.94,,WSC,20220529084300
2022-05-22,timiskaming_haileybury,179.06,,WSC,20220529084300
2022-05-23,bark_lake,313.8,,OPG,20220529084300
2022-05-23,baskatong,221.94,,HQ,20220529084300
2022-05-23,cabonga,360.63,,HQ,20220529084300
2022-05-23,des_joachims,152.19,,OPG,20220529084300
2022-05-23,dozois,345.55,,HQ,20220529084300
2022-05-23,kiamika,269.82,,MELCC,20220529084300
2022-05-23,kipawa,269.48,,MELCC,20220529084300
2022-05-23,lady_evelyn,289.17,,OPG,20220529084300
2022-05-23,mitchinamecus,381.56,,MELCC,20220529084300
2022-05-23,poisson_blanc,201.63,,MELCC,20220529084300
2022-05-23,quinze,263.33,,MELCC,20220529084300
2022-05-23,rapide_7,308.99,,HQ,20220529084300
2022-05-23,timiskaming,178.95,,WSC,20220529084300
2022-05-23,timiskaming_haileybury,179.08,,WSC,20220529084300
2022-05-24,bark_lake,313.78,,OPG,20220529084300
2022-05-24,baskatong,221.91,,HQ,20220529084300
2022-05-24,cabonga,360.61,,HQ,20220529084300
2022-05-24,des_joachims,152.18,,OPG,20220529084300
2022-05-24,dozois,345.62,,HQ,20220529084300
2022-05-24,kiamika,269.8,,MELCC,20220529084300
2022-05-24,kipawa,269.45,,MELCC,20220529084300
2022-05-24,lady_evelyn,289.16,,OPG,20220529084300
2022-05-24,mitchinamecus,381.65,,MELCC,20220529084300
2022-05-24,poisson_blanc,201.6,,MELCC,20220529084300
2022-05-24,quinze,263.27,,MELCC,20220529084300
2022-05-24,rapide_7,308.99,,HQ,20220529084300
2022-05-24,timiskaming,178.94,,WSC,20220529084300
2022-05-24,timiskaming_haileybury,179.08,,WSC,20220529084300
2022-05-25,bark_lake,313.76,,OPG,20220529084300
2022-05-25,baskatong,221.86,,HQ,20220529084300
2022-05-25,cabonga,360.59,,HQ,20220529084300
2022-05-25,des_joachims,152.16,,OPG,20220529084300
2022-05-25,dozois,345.63,,HQ,20220529084300
2022-05-25,kiamika,269.78,,MELCC,20220529084300
2022-05-25,kipawa,269.42,,MELCC,20220529084300
2022-05-25,lady_evelyn,289.14,,OPG,20220529084300
2022-05-25,mitchinamecus,381.75,,MELCC,20220529084300
2022-05-25,poisson_blanc,201.56,,MELCC,20220529084300
2022-05-25,quinze,263.2,,MELCC,20220529084300
2022-05-25,rapide_7,308.98,,HQ,20220529084300
2022-05-25,timiskaming,178.94,,WSC,20220529084300
2022-05-25,timiskaming_haileybury,179.09,,WSC,20220529084300
2022-05-26,bark_lake,313.76,,OPG,20220529084300
2022-05-26,baskatong,221.82,,HQ,20220529084300
2022-05-26,cabonga,360.63,,HQ,20220529084300
2022-05-26,des_joachims,152.18,,OPG,20220529084300
2022-05-26,dozois,345.67,,HQ,20220529084300
2022-05-26,kiamika,269.8,,MELCC,20220529084300
2022-05-26,kipawa,269.45,,MELCC,20220529084300
2022-05-26,lady_evelyn,289.17,,OPG,20220529084300
2022-05-26,mitchinamecus,381.83,,MELCC,20220529084300
2022-05-26,poisson_blanc,201.52,,MELCC,20220529084300
2022-05-26,quinze,263.19,,MELCC,20220529084300
2022-05-26,rapide_7,308.99,,HQ,20220529084300
2022-05-26,timiskaming,179.0,,WSC,20220529084300
2022-05-26,timiskaming_haileybury,179.15,,WSC,20220529084300
2022-05-27,bark_lake,313.77,,OPG,20220529084300
2022-05-27,baskatong,221.81,,HQ,20220529084300
2022-05-27,cabonga,360.63,,HQ,20220529084300
2022-05-27,des_joachims,152.18,,OPG,20220529084300
2022-05-27,dozois,345.67,,HQ,20220529084300
2022-05-27,kiamika,269.83,,MELCC,20220529084300
2022-05-27,kipawa,269.44,,MELCC,20220529084300
2022-05-27,lady_evelyn,289.17,,OPG,20220529084300
2022-05-27,mitchinamecus,381.86,,MELCC,20220529084300
2022-05-27,poisson_blanc,201.5,,MELCC,20220529084300
2022-05-27,quinze,263.19,,MELCC,20220529084300
2022-05-27,rapide_7,308.99,,HQ,20220529084300
2022-05-27,timiskaming,179.01,,WSC,20220529084300
2022-05-27,timiskaming_haileybury,179.15,,WSC,20220529084300
2022-05-28,baskatong,221.86,,HQ,20220529084300
2022-05-28,cabonga,360.66,,HQ,20220529084300
2022-05-28,des_joachims,152.24,,OPG,20220529084300
2022-05-28,dozois,345.67,,HQ,20220529084300
2022-05-28,kiamika,269.91,,MELCC,20220529084300
2022-05-28,kipawa,269.39,,MELCC,20220529084300
2022-05-28,poisson_blanc,201.54,,MELCC,20220529084300
2022-05-28,quinze,263.2,,MELCC,20220529084300
2022-05-28,rapide_7,308.96,,HQ,20220529084300
2022-05-28,timiskaming,179.05,,WSC,20220529084300
2022-05-28,timiskaming_haileybury,179.2,,WSC,20220529084300
2022-05-29,baskatong,221.89,,HQ,20220529084300
2022-05-29,cabonga,360.65,,HQ,20220529084300
2022-05-29,des_joachims,152.27,,OPG,20220529084300
2022-05-29,dozois,345.67,,HQ,20220529084300
2022-05-29,kiamika,269.94,,MELCC,20220529084300
2022-05-29,kipawa,269.39,,MELCC,20220529084300
2022-05-29,poisson_blanc,201.55,,MELCC,20220529084300
2022-05-29,quinze,263.21,,MELCC,20220529084300
2022-05-29,rapide_7,308.96,,HQ,20220529084300
2022-05-29,timiskaming,179.06,,WSC,20220529084300
2022-05-29,timiskaming_haileybury,179.22,,WSC,20220529084300
2022-08-08,bark_lake,313.83,,OPG,20220815070002
2022-08-08,baskatong,221.48,,HQ,20220815070002
2022-08-08,cabonga,360.29,,HQ,20220815070002
2022-08-08,des_joachims,152.19,,OPG,20220815070002
2022-08-08,dozois,344.54,,HQ,20220815070002
2022-08-08,kiamika,268.52,,MELCC,20220815070002
2022-08-08,kipawa,269.57,,MELCC,20220815070002
2022-08-08,lady_evelyn,289.13,,OPG,20220815070002
2022-08-08,mitchinamecus,381.21,,MELCC,20220815070002
2022-08-08,poisson_blanc,200.8,,MELCC,20220815070002
2022-08-08,quinze,263.12,,MELCC,20220815070002
2022-08-08,rapide_7,309.14,,HQ,20220815070002
2022-08-08,timiskaming,179.3,,WSC,20220815070002
2022-08-08,timiskaming_haileybury,179.19,,WSC,20220815070002
2022-08-09,bark_lake,313.84,,OPG,20220815070002
2022-08-09,baskatong,221.46,,HQ,20220815070002
2022-08-09,cabonga,360.28,,HQ,20220815070002
2022-08-09,des_joachims,152.18,,OPG,20220815070002
2022-08-09,dozois,344.52,,HQ,20220815070002
2022-08-09,kiamika,268.51,,MELCC,20220815070002
2022-08-09,kipawa,269.56,,MELCC,20220815070002
2022-08-09,lady_evelyn,289.13,,OPG,20220815070002
2022-08-09,mitchinamecus,381.2,,MELCC,20220815070002
2022-08-09,poisson_blanc,200.81,,MELCC,20220815070002
2022-08-09,quinze,263.11,,MELCC,20220815070002
2022-08-09,rapide_7,309.13,,HQ,20220815070002
2022-08-09,timiskaming,179.28,,WSC,20220815070002
2022-08-09,timiskaming_haileybury,179.19,,WSC,20220815070002
2022-08-10,baskatong,221.44,,HQ,20220815070002
2022-08-10,cabonga,360.27,,HQ,20220815070002
2022-08-10,des_joachims,152.11,,OPG,20220815070002
2022-08-10,dozois,344.49,,HQ,20220815070002
2022-08-10,kiamika,268.48,,MELCC,20220815070002
2022-08-10,kipawa,269.52,,MELCC,20220815070002
2022-08-10,mitchinamecus,381.12,,MELCC,20220815070002
2022-08-10,poisson_blanc,200.82,,MELCC,20220815070002
2022-08-10,quinze,263.09,,MELCC,20220815070002
2022-08-10,rapide_7,309.12,,HQ,20220815070002
2022-08-10,timiskaming,179.25,,WSC,20220815070002
2022-08-10,timiskaming_haileybury,179.21,,WSC,20220815070002
2022-08-11,baskatong,221.42,,HQ,20220815070002
2022-08-11,cabonga,360.26,,HQ,20220815070002
2022-08-11,des_joachims,152.11,,OPG,20220815070002
2022-08-11,dozois,344.46,,HQ,20220815070002
2022-08-11,kiamika,268.45,,MELCC,20220815070002
2022-08-11,kipawa,269.5,,MELCC,20220815070002
2022-08-11,mitchinamecus,381.09,,MELCC,20220815070002
2022-08-11,poisson_blanc,200.8,,MELCC,20220815070002
2022-08-11,quinze,263.08,,MELCC,20220815070002
2022-08-11,rapide_7,309.11,,HQ,20220815070002
2022-08-11,timiskaming,179.3,,WSC,20220815070002
2022-08-11,timiskaming_haileybury,179.2,,WSC,20220815070002
2022-08-12,baskatong,221.39,,HQ,20220815070002
2022-08-12,cabonga,360.24,,HQ,20220815070002
2022-08-12,des_joachims,152.15,,OPG,20220815070002
2022-08-12,dozois,344.43,,HQ,20220815070002
2022-08-12,kiamika,268.43,,MELCC,20220815070002
2022-08-12,kipawa,269.5,,MELCC,20220815070002
2022-08-12,mitchinamecus,381.05,,MELCC,20220815070002
2022-08-12,poisson_blanc,200.78,,MELCC,20220815070002
2022-08-12,quinze,263.07,,MELCC,20220815070002
2022-08-12,rapide_7,309.1,,HQ,20220815070002
2022-08-12,timiskaming,179.28,,WSC,20220815070002
2022-08-12,timiskaming_haileybury,179.2,,WSC,20220815070002
2022-08-13,baskatong,221.37,,HQ,20220815070002
2022-08-13,cabonga,360.22,,HQ,20220815070002
2022-08-13,des_joachims,152.14,,OPG,20220815070002
2022-08-13,dozois,344.41,,HQ,20220815070002
2022-08-13,kiamika,268.41,,MELCC,20220815070002
2022-08-13,kipawa,269.51,,MELCC,20220815070002
2022-08-13,mitchinamecus,381.0,,MELCC,20220815070002
2022-08-13,poisson_blanc,200.74,,MELCC,20220815070002
2022-08-13,quinze,263.05,,MELCC,20220815070002
2022-08-13,rapide_7,309.08,,HQ,20220815070002
2022-08-13,timiskaming,179.26,,WSC,20220815070002
2022-08-13,timiskaming_haileybury,179.21,,WSC,20220815070002
2022-08-14,baskatong,221.35,,HQ,20220815070002
2022-08-14,cabonga,360.2,,HQ,20220815070002
2022-08-14,des_joachims,152.13,,OPG,20220815070002
2022-08-14,dozois,344.37,,HQ,20220815070002
2022-08-14,kiamika,268.39,,MELCC,20220815070002
2022-08-14,kipawa,269.5,,MELCC,20220815070002
2022-08-14,mitchinamecus,380.95,,MELCC,20220815070002
2022-08-14,poisson_blanc,200.7,,MELCC,20220815070002
2022-08-14,quinze,263.03,,MELCC,20220815070002
2022-08-14,rapide_7,309.07,,HQ,20220815070002
2022-08-14,timiskaming,179.27,,WSC,20220815070002
2022-08-14,timiskaming_haileybury,179.2,,WSC,20220815070002
2022-08-15,baskatong,221.34,,HQ,20220815070002
2022-08-15,cabonga,360.19,,HQ,20220815070002
2022-08-15,des_joachims,152.14,,OPG,20220815070002
2022-08-15,dozois,344.35,,HQ,20220815070002
2022-08-15,kiamika,268.38,,MELCC,20220815070002
2022-08-15,kipawa,269.5,,MELCC,20220815070002
2022-08-15,mitchinamecus,380.94,,MELCC,20220815070002
2022-08-15,poisson_blanc,200.68,,MELCC,20220815070002
2022-08-15,quinze,263.03,,MELCC,20220815070002
2022-08-15,rapide_7,309.07,,HQ,20220815070002
2022-08-15,timiskaming,179.27,,WSC,20220815070002
2022-08-15,timiskaming_haileybury,179.2,,WSC,20220815070002
2022-12-01,bark_lake,312.59,,OPG,20221208140317
2022-12-01,baskatong,219.78,,HQ,20221208140317
2022-12-01,cabonga,360.26,,HQ,20221208140317
2022-12-01,des_joachims,152.02,,OPG,20221208140317
2022-12-01,dozois,342.64,,HQ,20221208140317
2022-12-01,kiamika,268.58,,MELCC,20221208140317
2022-12-01,kipawa,269.45,,MELCC,20221208140317
2022-12-01,lady_evelyn,288.87,,OPG,20221208140317
2022-12-01,mitchinamecus,378.82,,MELCC,20221208140317
2022-12-01,poisson_blanc,200.64,,MELCC,20221208140317
2022-12-01,quinze,263.16,,MELCC,20221208140317
2022-12-01,rapide_7,309.1,,HQ,20221208140317
2022-12-01,timiskaming,179.01,,WSC,20221208140317
2022-12-01,timiskaming_haileybury,179.01,,WSC,20221208140317
2022-12-02,bark_lake,312.57,,OPG,20221208140317
2022-12-02,baskatong,219.75,,HQ,20221208140317
2022-12-02,cabonga,360.24,,HQ,20221208140317
2022-12-02,des_joachims,151.96,,OPG,20221208140317
2022-12-02,dozois,342.65,,HQ,20221208140317
2022-12-02,kiamika,268.58,,MELCC,20221208140317
2022-12-02,kipawa,269.45,,MELCC,20221208140317
2022-12-02,lady_evelyn,288.85,,OPG,20221208140317
2022-12-02,mitchinamecus,378.81,,MELCC,20221208140317
2022-12-02,poisson_blanc,200.66,,MELCC,20221208140317
2022-12-02,quinze,263.15,,MELCC,20221208140317
2022-12-02,rapide_7,309.1,,HQ,20221208140317
2022-12-02,timiskaming,178.95,,WSC,20221208140317
2022-12-02,timiskaming_haileybury,178.98,,WSC,20221208140317
2022-12-03,bark_lake,312.59,,OPG,20221208140317
2022-12-03,baskatong,219.74,,HQ,20221208140317
2022-12-03,cabonga,360.25,,HQ,20221208140317
2022-12-03,des_joachims,152.04,,OPG,20221208140317
2022-12-03,dozois,342.65,,HQ,20221208140317
2022-12-03,kiamika,268.6,,MELCC,20221208140317
2022-12-03,kipawa,269.45,,MELCC,20221208140317
2022-12-03,lady_evelyn,288.82,,OPG,20221208140317
2022-12-03,mitchinamecus,378.82,,MELCC,20221208140317
2022-12-03,poisson_blanc,200.72,,MELCC,20221208140317
2022-12-03,quinze,263.15,,MELCC,20221208140317
2022-12-03,rapide_7,309.07,,HQ,20221208140317
2022-12-03,timiskaming,178.96,,WSC,20221208140317
2022-12-03,timiskaming_haileybury,178.94,,WSC,20221208140317
2022-12-04,bark_lake,312.58,,OPG,20221208140317
2022-12-04,baskatong,219.72,,HQ,20221208140317
2022-12-04,cabonga,360.23,,HQ,20221208140317
2022-12-04,des_joachims,152.11,,OPG,20221208140317
2022-12-04,dozois,342.67,,HQ,20221208140317
2022-12-04,kiamika,268.6,,MELCC,20221208140317
2022-12-04,kipawa,269.45,,MELCC,20221208140317
2022-12-04,lady_evelyn,288.79,,OPG,20221208140317
2022-12-04,mitchinamecus,378.81,,MELCC,20221208140317
2022-12-04,poisson_blanc,200.77,,MELCC,20221208140317
2022-12-04,quinze,263.17,,MELCC,20221208140317
2022-12-04,rapide_7,309.08,,HQ,20221208140317
2022-12-04,timiskaming,178.9,,WSC,20221208140317
2022-12-04,timiskaming_haileybury,178.91,,WSC,20221208140317
2022-12-05,bark_lake,312.58,,OPG,20221208140317
2022-12-05,baskatong,219.71,,HQ,20221208140317
2022-12-05,cabonga,360.22,,HQ,20221208140317
2022-12-05,des_joachims,152.18,,OPG,20221208140317
2022-12-05,dozois,342.68,,HQ,20221208140317
2022-12-05,kiamika,268.61,,MELCC,20221208140317
2022-12-05,kipawa,269.45,,MELCC,20221208140317
2022-12-05,lady_evelyn,288.77,,OPG,20221208140317
2022-12-05,mitchinamecus,378.82,,MELCC,20221208140317
2022-12-05,poisson_blanc,200.82,,MELCC,20221208140317
2022-12-05,quinze,263.18,,MELCC,20221208140317
2022-12-05,rapide_7,309.07,,HQ,20221208140317
2022-12-05,timiskaming,178.9,,WSC,20221208140317
2022-12-05,timiskaming_haileybury,178.9,,WSC,20221208140317
2022-12-06,bark_lake,312.58,,OPG,20221208140317
2022-12-06,baskatong,219.71,,HQ,20221208140317
2022-12-06,cabonga,360.22,,HQ,20221208140317
2022-12-06,des_joachims,152.19,,OPG,20221208140317
2022-12-06,dozois,342.69,,HQ,20221208140317
2022-12-06,kiamika,268.61,,MELCC,20221208140317
2022-12-06,kipawa,269.45,,MELCC,20221208140317
2022-12-06,lady_evelyn,288.78,,OPG,20221208140317
2022-12-06,mitchinamecus,378.82,,MELCC,20221208140317
2022-12-06,poisson_blanc,200.83,,MELCC,20221208140317
2022-12-06,quinze,263.18,,MELCC,20221208140317
2022-12-06,rapide_7,309.07,,HQ,20221208140317
2022-12-06,timiskaming,178.91,,WSC,20221208140317
2022-12-06,timiskaming_haileybury,178.87,,WSC,20221208140317
2022-12-07,baskatong,219.7,,HQ,20221208140317
2022-12-07,cabonga,360.21,,HQ,20221208140317
2022-12-07,des_joachims,152.2,,OPG,20221208140317
2022-12-07,dozois,342.7,,HQ,20221208140317
2022-12-07,kiamika,268.62,,MELCC,20221208140317
2022-12-07,kipawa,269.42,,MELCC,20221208140317
2022-12-07,mitchinamecus,378.82,,MELCC,20221208140317
2022-12-07,poisson_blanc,200.92,,MELCC,20221208140317
2022-12-07,quinze,263.18,,MELCC,20221208140317
2022-12-07,rapide_7,309.06,,HQ,20221208140317
2022-12-07,timiskaming,178.93,,WSC,20221208140317
2022-12-07,timiskaming_haileybury,178.89,,WSC,20221208140317
2022-12-08,baskatong,219.7,,HQ,20221208140317
2022-12-08,cabonga,360.2,,HQ,20221208140317
2022-12-08,des_joachims,152.25,,OPG,20221208140317
2022-12-08,dozois,342.7,,HQ,20221208140317
2022-12-08,kiamika,268.63,,MELCC,20221208140317
2022-12-08,kipawa,269.41,,MELCC,20221208140317
2022-12-08,mitchinamecus,378.82,,MELCC,20221208140317
2022-12-08,poisson_blanc,200.97,,MELCC,20221208140317
2022-12-08,quinze,263.18,,MELCC,20221208140317
2022-12-08,rapide_7,309.06,,HQ,20221208140317
2022-12-08,timiskaming,178.95,,WSC,20221208140317
2022-12-08,timiskaming_haileybury,178.88,,WSC,20221208140317
2023-01-16,bark_lake,311.02,,OPG,20230123165434
2023-01-16,baskatong,218.37,,HQ,20230123165434
2023-01-16,cabonga,359.78,,HQ,20230123165434
2023-01-16,des_joachims,152.07,,OPG,20230123165434
2023-01-16,dozois,341.56,,HQ,20230123165434
2023-01-16,kiamika,268.08,,MELCC,20230123165434
2023-01-16,kipawa,269.0,,MELCC,20230123165434
2023-01-16,lady_evelyn,287.82,,OPG,20230123165434
2023-01-16,mitchinamecus,378.58,,MELCC,20230123165434
2023-01-16,poisson_blanc,200.23,,MELCC,20230123165434
2023-01-16,quinze,262.4,,MELCC,20230123165434
2023-01-16,rapide_7,308.66,,HQ,20230123165434
2023-01-16,timiskaming,178.46,,WSC,20230123165434
2023-01-16,timiskaming_haileybury,178.5,,WSC,20230123165434
2023-01-17,bark_lake,310.98,,OPG,20230123165434
2023-01-17,baskatong,218.36,,HQ,20230123165434
2023-01-17,cabonga,359.77,,HQ,20230123165434
2023-01-17,des_joachims,152.08,,OPG,20230123165434
2023-01-17,dozois,341.54,,HQ,20230123165434
2023-01-17,kiamika,268.08,,MELCC,20230123165434
2023-01-17,kipawa,268.99,,MELCC,20230123165434
2023-01-17,lady_evelyn,287.8,,OPG,20230123165434
2023-01-17,mitchinamecus,378.58,,MELCC,20230123165434
2023-01-17,poisson_blanc,200.21,,MELCC,20230123165434
2023-01-17,quinze,262.39,,MELCC,20230123165434
2023-01-17,rapide_7,308.66,,HQ,20230123165434
2023-01-17,timiskaming,178.45,,WSC,20230123165434
2023-01-17,timiskaming_haileybury,178.48,,WSC,20230123165434
2023-01-18,baskatong,218.32,,HQ,20230123165434
2023-01-18,cabonga,359.76,,HQ,20230123165434
2023-01-18,des_joachims,152.13,,OPG,20230123165434
2023-01-18,dozois,341.48,,HQ,20230123165434
2023-01-18,kiamika,268.04,,MELCC,20230123165434
2023-01-18,kipawa,268.93,,MELCC,20230123165434
2023-01-18,mitchinamecus,378.56,,MELCC,20230123165434
2023-01-18,poisson_blanc,200.15,,MELCC,20230123165434
2023-01-18,quinze,262.33,,MELCC,20230123165434
2023-01-18,rapide_7,308.66,,HQ,20230123165434
2023-01-18,timiskaming,178.46,,WSC,20230123165434
2023-01-18,timiskaming_haileybury,178.46,,WSC,20230123165434
2023-01-19,baskatong,218.28,,HQ,20230123165434
2023-01-19,cabonga,359.74,,HQ,20230123165434
2023-01-19,des_joachims,152.11,,OPG,20230123165434
2023-01-19,dozois,341.43,,HQ,20230123165434
2023-01-19,kiamika,268.02,,MELCC,20230123165434
2023-01-19,kipawa,268.91,,MELCC,20230123165434
2023-01-19,mitchinamecus,378.55,,MELCC,20230123165434
2023-01-19,poisson_blanc,200.07,,MELCC,20230123165434
2023-01-19,quinze,262.29,,MELCC,20230123165434
2023-01-19,rapide_7,308.67,,HQ,20230123165434
2023-01-19,timiskaming,178.45,,WSC,20230123165434
2023-01-19,timiskaming_haileybury,178.45,,WSC,20230123165434
2023-01-20,baskatong,218.23,,HQ,20230123165434
2023-01-20,cabonga,359.73,,HQ,20230123165434
2023-01-20,des_joachims,152.12,,OPG,20230123165434
2023-01-20,dozois,341.37,,HQ,20230123165434
2023-01-20,kiamika,267.99,,MELCC,20230123165434
2023-01-20,kipawa,268.89,,MELCC,20230123165434
2023-01-20,mitchinamecus,378.53,,MELCC,20230123165434
2023-01-20,poisson_blanc,200.0,,MELCC,20230123165434
2023-01-20,quinze,262.24,,MELCC,20230123165434
2023-01-20,rapide_7,308.68,,HQ,20230123165434
2023-01-20,timiskaming,178.42,,WSC,20230123165434
2023-01-20,timiskaming_haileybury,178.42,,WSC,20230123165434
2023-01-21,baskatong,218.16,,HQ,20230123165434
2023-01-21,cabonga,359.72,,HQ,20230123165434
2023-01-21,des_joachims,152.05,,OPG,20230123165434
2023-01-21,dozois,341.32,,HQ,20230123165434
2023-01-21,kiamika,267.96,,MELCC,20230123165434
2023-01-21,kipawa,268.87,,MELCC,20230123165434
2023-01-21,mitchinamecus,378.5,,MELCC,20230123165434
2023-01-21,poisson_blanc,199.92,,MELCC,20230123165434
2023-01-21,quinze,262.19,,MELCC,20230123165434
2023-01-21,rapide_7,308.68,,HQ,20230123165434
2023-01-21,timiskaming,178.37,,WSC,20230123165434
2023-01-21,timiskaming_haileybury,178.4,,WSC,20230123165434
2023-01-22,baskatong,218.1,,HQ,20230123165434
2023-01-22,cabonga,359.7,,HQ,20230123165434
2023-01-22,des_joachims,152.03,,OPG,20230123165434
2023-01-22,dozois,341.27,,HQ,20230123165434
2023-01-22,kiamika,267.94,,MELCC,20230123165434
2023-01-22,kipawa,268.85,,MELCC,20230123165434
2023-01-22,mitchinamecus,378.48,,MELCC,20230123165434
2023-01-22,poisson_blanc,199.84,,MELCC,20230123165434
2023-01-22,quinze,262.15,,MELCC,20230123165434
2023-01-22,rapide_7,308.69,,HQ,20230123165434
2023-01-22,timiskaming,178.36,,WSC,20230123165434
2023-01-22,timiskaming_haileybury,178.39,,WSC,20230123165434
2023-01-23,baskatong,218.04,,HQ,20230123165434
2023-01-23,cabonga,359.69,,HQ,20230123165434
2023-01-23,des_joachims,152.03,,OPG,20230123165434
2023-01-23,dozois,341.21,,HQ,20230123165434
2023-01-23,kiamika,267.91,,MELCC,20230123165434
2023-01-23,kipawa,268.82,,MELCC,20230123165434
2023-01-23,mitchinamecus,378.47,,MELCC,20230123165434
2023-01-23,poisson_blanc,199.78,,MELCC,20230123165434
2023-01-23,quinze,262.11,,MELCC,20230123165434
2023-01-23,rapide_7,308.69,,HQ,20230123165434
2023-01-23,timiskaming,178.34,,WSC,20230123165434
2023-01-23,timiskaming_haileybury,178.37,,WSC,20230123165434
2023-02-01,bark_lake,308.82,,OPG,20230208211509
2023-02-01,baskatong,217.28,,HQ,20230208211509
2023-02-01,cabonga,359.57,,HQ,20230208211509
2023-02-01,des_joachims,152.0,,OPG,20230208211509
2023-02-01,dozois,340.68,,HQ,20230208211509
2023-02-01,kiamika,267.64,,MELCC,20230208211509
2023-02-01,kipawa,268.63,,MELCC,20230208211509
2023-02-01,lady_evelyn,286.98,,OPG,20230208211509
2023-02-01,mitchinamecus,378.28,,MELCC,20230208211509
2023-02-01,poisson_blanc,198.95,,MELCC,20230208211509
2023-02-01,quinze,261.64,,MELCC,20230208211509
2023-02-01,rapide_7,308.7,,HQ,20230208211509
2023-02-01,timiskaming,177.83,,WSC,20230208211509
2023-02-01,timiskaming_haileybury,177.91,,WSC,20230208211509
2023-02-02,bark_lake,308.67,,OPG,20230208211509
2023-02-02,baskatong,217.2,,HQ,20230208211509
2023-02-02,cabonga,359.57,,HQ,20230208211509
2023-02-02,des_joachims,152.06,,OPG,20230208211509
2023-02-02,dozois,340.62,,HQ,20230208211509
2023-02-02,kiamika,267.61,,MELCC,20230208211509
2023-02-02,kipawa,268.61,,MELCC,20230208211509
2023-02-02,lady_evelyn,286.92,,OPG,20230208211509
2023-02-02,mitchinamecus,378.27,,MELCC,20230208211509
2023-02-02,poisson_blanc,198.85,,MELCC,20230208211509
2023-02-02,quinze,261.58,,MELCC,20230208211509
2023-02-02,rapide_7,308.69,,HQ,20230208211509
2023-02-02,timiskaming,177.76,,WSC,20230208211509
2023-02-02,timiskaming_haileybury,177.82,,WSC,20230208211509
2023-02-03,bark_lake,308.51,,OPG,20230208211509
2023-02-03,baskatong,217.1,,HQ,20230208211509
2023-02-03,cabonga,359.55,,HQ,20230208211509
2023-02-03,des_joachims,152.08,,OPG,20230208211509
2023-02-03,dozois,340.56,,HQ,20230208211509
2023-02-03,kiamika,267.57,,MELCC,20230208211509
2023-02-03,kipawa,268.58,,MELCC,20230208211509
2023-02-03,lady_evelyn,286.86,,OPG,20230208211509
2023-02-03,mitchinamecus,378.24,,MELCC,20230208211509
2023-02-03,poisson_blanc,198.75,,MELCC,20230208211509
2023-02-03,quinze,261.52,,MELCC,20230208211509
2023-02-03,rapide_7,308.69,,HQ,20230208211509
2023-02-03,timiskaming,177.69,,WSC,20230208211509
2023-02-03,timiskaming_haileybury,177.79,,WSC,20230208211509
2023-02-04,bark_lake,308.36,,OPG,20230208211509
2023-02-04,baskatong,217.01,,HQ,20230208211509
2023-02-04,cabonga,359.53,,HQ,20230208211509
2023-02-04,des_joachims,152.08,,OPG,20230208211509
2023-02-04,dozois,340.51,,HQ,20230208211509
2023-02-04,kiamika,267.54,,MELCC,20230208211509
2023-02-04,kipawa,268.56,,MELCC,20230208211509
2023-02-04,lady_evelyn,286.81,,OPG,20230208211509
2023-02-04,mitchinamecus,378.22,,MELCC,20230208211509
2023-02-04,poisson_blanc,198.63,,MELCC,20230208211509
2023-02-04,quinze,261.46,,MELCC,20230208211509
2023-02-04,rapide_7,308.69,,HQ,20230208211509
2023-02-04,timiskaming,177.65,,WSC,20230208211509
2023-02-04,timiskaming_haileybury,177.75,,WSC,20230208211509
2023-02-05,bark_lake,308.23,,OPG,20230208211509
2023-02-05,baskatong,216.92,,HQ,20230208211509
2023-02-05,cabonga,359.53,,HQ,20230208211509
2023-02-05,des_joachims,152.15,,OPG,20230208211509
2023-02-05,dozois,340.45,,HQ,20230208211509
2023-02-05,kiamika,267.51,,MELCC,20230208211509
2023-02-05,kipawa,268.54,,MELCC,20230208211509
2023-02-05,lady_evelyn,286.76,,OPG,20230208211509
2023-02-05,mitchinamecus,378.21,,MELCC,20230208211509
2023-02-05,poisson_blanc,198.52,,MELCC,20230208211509
2023-02-05,quinze,261.41,,MELCC,20230208211509
2023-02-05,rapide_7,308.68,,HQ,20230208211509
2023-02-05,timiskaming,177.59,,WSC,20230208211509
2023-02-05,timiskaming_haileybury,177.66,,WSC,20230208211509
2023-02-06,bark_lake,308.09,,OPG,20230208211509
2023-02-06,baskatong,216.82,,HQ,20230208211509
2023-02-06,cabonga,359.51,,HQ,20230208211509
2023-02-06,des_joachims,152.08,,OPG,20230208211509
2023-02-06,dozois,340.4,,HQ,20230208211509
2023-02-06,kiamika,267.48,,MELCC,20230208211509
2023-02-06,kipawa,268.51,,MELCC,20230208211509
2023-02-06,lady_evelyn,286.7,,OPG,20230208211509
2023-02-06,mitchinamecus,378.18,,MELCC,20230208211509
2023-02-06,poisson_blanc,198.41,,MELCC,20230208211509
2023-02-06,quinze,261.35,,MELCC,20230208211509
2023-02-06,rapide_7,308.68,,HQ,20230208211509
2023-02-06,timiskaming,177.46,,WSC,20230208211509
2023-02-06,timiskaming_haileybury,177.61,,WSC,20230208211509
2023-02-07,bark_lake,308.05,,OPG,20230208211509
2023-02-07,baskatong,216.8,,HQ,20230208211509
2023-02-07,cabonga,359.51,,HQ,20230208211509
2023-02-07,des_joachims,152.07,,OPG,20230208211509
2023-02-07,dozois,340.39,,HQ,20230208211509
2023-02-07,kiamika,267.46,,MELCC,20230208211509
2023-02-07,kipawa,268.51,,MELCC,20230208211509
2023-02-07,lady_evelyn,286.69,,OPG,20230208211509
2023-02-07,mitchinamecus,378.18,,MELCC,20230208211509
2023-02-07,poisson_blanc,198.37,,MELCC,20230208211509
2023-02-07,quinze,261.34,,MELCC,20230208211509
2023-02-07,rapide_7,308.68,,HQ,20230208211509
2023-02-07,timiskaming,177.41,,WSC,20230208211509
2023-02-07,timiskaming_haileybury,177.59,,WSC,20230208211509
2023-02-08,baskatong,216.67,,HQ,20230208211509
2023-02-08,cabonga,359.49,,HQ,20230208211509
2023-02-08,des_joachims,151.99,,OPG,20230208211509
2023-02-08,dozois,340.28,,HQ,20230208211509
2023-02-08,kiamika,267.42,,MELCC,20230208211509
2023-02-08,kipawa,268.44,,MELCC,20230208211509
2023-02-08,mitchinamecus,378.16,,MELCC,20230208211509
2023-02-08,poisson_blanc,198.23,,MELCC,20230208211509
2023-02-08,quinze,261.26,,MELCC,20230208211509
2023-02-08,rapide_7,308.66,,HQ,20230208211509
2023-02-08,timiskaming,177.33,,WSC,20230208211509
2023-02-08,timiskaming_haileybury,177.47,,WSC,20230208211509
2023-03-15,bark_lake,305.73,,OPG,20230323015504
2023-03-15,baskatong,211.79,,HQ,20230323015504
2023-03-15,cabonga,359.31,,HQ,20230323015504
2023-03-15,des_joachims,150.23,,OPG,20230323015504
2023-03-15,dozois,337.91,,HQ,20230323015504
2023-03-15,kiamika,266.1,,MELCC,20230323015504
2023-03-15,kipawa,267.67,,MELCC,20230323015504
2023-03-15,lady_evelyn,286.94,,OPG,20230323015504
2023-03-15,mitchinamecus,377.27,,MELCC,20230323015504
2023-03-15,poisson_blanc,194.09,,MELCC,20230323015504
2023-03-15,quinze,260.83,,MELCC,20230323015504
2023-03-15,rapide_7,308.6,,HQ,20230323015504
2023-03-15,timiskaming,175.85,,WSC,20230323015504
2023-03-15,timiskaming_haileybury,175.89,,WSC,20230323015504
2023-03-16,bark_lake,305.64,,OPG,20230323015504
2023-03-16,baskatong,211.58,,HQ,20230323015504
2023-03-16,cabonga,359.31,,HQ,20230323015504
2023-03-16,des_joachims,150.0,,OPG,20230323015504
2023-03-16,dozois,337.95,,HQ,20230323015504
2023-03-16,kiamika,266.06,,MELCC,20230323015504
2023-03-16,kipawa,267.64,,MELCC,20230323015504
2023-03-16,lady_evelyn,286.93,,OPG,20230323015504
2023-03-16,mitchinamecus,377.24,,MELCC,20230323015504
2023-03-16,poisson_blanc,193.92,,MELCC,20230323015504
2023-03-16,quinze,260.82,,MELCC,20230323015504
2023-03-16,rapide_7,308.6,,HQ,20230323015504
2023-03-16,timiskaming,175.85,,WSC,20230323015504
2023-03-16,timiskaming_haileybury,175.87,,WSC,20230323015504
2023-03-17,bark_lake,305.58,,OPG,20230323015504
2023-03-17,baskatong,211.35,,HQ,20230323015504
2023-03-17,cabonga,359.33,,HQ,20230323015504
2023-03-17,des_joachims,149.8,,OPG,20230323015504
2023-03-17,dozois,338.02,,HQ,20230323015504
2023-03-17,kiamika,266.03,,MELCC,20230323015504
2023-03-17,kipawa,267.63,,MELCC,20230323015504
2023-03-17,lady_evelyn,286.97,,OPG,20230323015504
2023-03-17,mitchinamecus,377.21,,MELCC,20230323015504
2023-03-17,poisson_blanc,193.77,,MELCC,20230323015504
2023-03-17,quinze,260.83,,MELCC,20230323015504
2023-03-17,rapide_7,308.61,,HQ,20230323015504
2023-03-17,timiskaming,175.82,,WSC,20230323015504
2023-03-17,timiskaming_haileybury,175.87,,WSC,20230323015504
2023-03-18,bark_lake,305.5,,OPG,20230323015504
2023-03-18,baskatong,211.13,,HQ,20230323015504
2023-03-18,cabonga,359.34,,HQ,20230323015504
2023-03-18,des_joachims,149.78,,OPG,20230323015504
2023-03-18,dozois,338.06,,HQ,20230323015504
2023-03-18,kiamika,265.99,,MELCC,20230323015504
2023-03-18,kipawa,267.62,,MELCC,20230323015504
2023-03-18,lady_evelyn,286.97,,OPG,20230323015504
2023-03-18,mitchinamecus,377.18,,MELCC,20230323015504
2023-03-18,poisson_blanc,193.63,,MELCC,20230323015504
2023-03-18,quinze,260.82,,MELCC,20230323015504
2023-03-18,rapide_7,308.59,,HQ,20230323015504
2023-03-18,timiskaming,175.85,,WSC,20230323015504
2023-03-18,timiskaming_haileybury,175.84,,WSC,20230323015504
2023-03-19,bark_lake,305.42,,OPG,20230323015504
2023-03-19,baskatong,210.89,,HQ,20230323015504
2023-03-19,cabonga,359.34,,HQ,20230323015504
2023-03-19,des_joachims,149.71,,OPG,20230323015504
2023-03-19,dozois,338.1,,HQ,20230323015504
2023-03-19,kiamika,265.95,,MELCC,20230323015504
2023-03-19,kipawa,267.59,,MELCC,20230323015504
2023-03-19,lady_evelyn,286.98,,OPG,20230323015504
2023-03-19,mitchinamecus,377.15,,MELCC,20230323015504
2023-03-19,poisson_blanc,193.48,,MELCC,20230323015504
2023-03-19,quinze,260.82,,MELCC,20230323015504
2023-03-19,rapide_7,308.58,,HQ,20230323015504
2023-03-19,timiskaming,175.8,,WSC,20230323015504
2023-03-19,timiskaming_haileybury,175.82,,WSC,20230323015504
2023-03-20,bark_lake,305.34,,OPG,20230323015504
2023-03-20,baskatong,210.66,,HQ,20230323015504
2023-03-20,cabonga,359.34,,HQ,20230323015504
2023-03-20,des_joachims,149.62,,OPG,20230323015504
2023-03-20,dozois,338.14,,HQ,20230323015504
2023-03-20,kiamika,265.91,,MELCC,20230323015504
2023-03-20,kipawa,267.57,,MELCC,20230323015504
2023-03-20,lady_evelyn,286.98,,OPG,20230323015504
2023-03-20,mitchinamecus,377.12,,MELCC,20230323015504
2023-03-20,poisson_blanc,193.32,,MELCC,20230323015504
2023-03-20,quinze,260.81,,MELCC,20230323015504
2023-03-20,rapide_7,308.56,,HQ,20230323015504
2023-03-20,timiskaming,175.81,,WSC,20230323015504
2023-03-20,timiskaming_haileybury,175.8,,WSC,20230323015504
2023-03-21,bark_lake,305.32,,OPG,20230323015504
2023-03-21,baskatong,210.58,,HQ,20230323015504
2023-03-21,cabonga,359.34,,HQ,20230323015504
2023-03-21,des_joachims,149.58,,OPG,20230323015504
2023-03-21,dozois,338.15,,HQ,20230323015504
2023-03-21,kiamika,265.9,,MELCC,20230323015504
2023-03-21,kipawa,267.56,,MELCC,20230323015504
2023-03-21,lady_evelyn,287.0,,OPG,20230323015504
2023-03-21,mitchinamecus,377.11,,MELCC,20230323015504
2023-03-21,poisson_blanc,193.28,,MELCC,20230323015504
2023-03-21,quinze,260.81,,MELCC,20230323015504
2023-03-21,rapide_7,308.55,,HQ,20230323015504
2023-03-21,timiskaming,175.81,,WSC,20230323015504
2023-03-21,timiskaming_haileybury,175.79,,WSC,20230323015504
2023-03-22,baskatong,210.26,,HQ,20230323015504
2023-03-22,cabonga,359.34,,HQ,20230323015504
2023-03-22,des_joachims,149.53,,OPG,20230323015504
2023-03-22,dozois,338.22,,HQ,20230323015504
2023-03-22,kiamika,265.85,,MELCC,20230323015504
2023-03-22,kipawa,267.52,,MELCC,20230323015504
2023-03-22,mitchinamecus,377.06,,MELCC,20230323015504
2023-03-22,poisson_blanc,193.04,,MELCC,20230323015504
2023-03-22,quinze,260.79,,MELCC,20230323015504
2023-03-22,rapide_7,308.5,,HQ,20230323015504
2023-03-22,timiskaming,175.75,,WSC,20230323015504
2023-03-22,timiskaming_haileybury,175.78,,WSC,20230323015504
2023-03-27,bark_lake,305.18,,OPG,20230403073600
2023-03-27,baskatong,209.33,,HQ,20230403073600
2023-03-27,cabonga,359.38,,HQ,20230403073600
2023-03-27,des_joachims,149.58,,OPG,20230403073600
2023-03-27,dozois,338.43,,HQ,20230403073600
2023-03-27,kiamika,265.67,,MELCC,20230403073600
2023-03-27,kipawa,267.55,,MELCC,20230403073600
2023-03-27,lady_evelyn,287.04,,OPG,20230403073600
2023-03-27,mitchinamecus,376.91,,MELCC,20230403073600
2023-03-27,poisson_blanc,193.18,,MELCC,20230403073600
2023-03-27,quinze,260.76,,MELCC,20230403073600
2023-03-27,rapide_7,308.25,,HQ,20230403073600
2023-03-27,timiskaming,175.68,,WSC,20230403073600
2023-03-27,timiskaming_haileybury,175.66,,WSC,20230403073600
2023-03-28,bark_lake,305.17,,OPG,20230403073600
2023-03-28,baskatong,209.17,,HQ,20230403073600
2023-03-28,cabonga,359.38,,HQ,20230403073600
2023-03-28,des_joachims,149.58,,OPG,20230403073600
2023-03-28,dozois,338.47,,HQ,20230403073600
2023-03-28,kiamika,265.63,,MELCC,20230403073600
2023-03-28,kipawa,267.55,,MELCC,20230403073600
2023-03-28,lady_evelyn,287.05,,OPG,20230403073600
2023-03-28,mitchinamecus,376.88,,MELCC,20230403073600
2023-03-28,poisson_blanc,193.15,,MELCC,20230403073600
2023-03-28,quinze,260.75,,MELCC,20230403073600
2023-03-28,rapide_7,308.19,,HQ,20230403073600
2023-03-28,timiskaming,175.66,,WSC,20230403073600
2023-03-28,timiskaming_haileybury,175.65,,WSC,20230403073600
2023-03-29,bark_lake,305.19,,OPG,20230403073600
2023-03-29,baskatong,209.05,,HQ,20230403073600
2023-03-29,cabonga,359.39,,HQ,20230403073600
2023-03-29,des_joachims,149.61,,OPG,20230403073600
2023-03-29,dozois,338.51,,HQ,20230403073600
2023-03-29,kiamika,265.59,,MELCC,20230403073600
2023-03-29,kipawa,267.55,,MELCC,20230403073600
2023-03-29,lady_evelyn,287.06,,OPG,20230403073600
2023-03-29,mitchinamecus,376.84,,MELCC,20230403073600
2023-03-29,poisson_blanc,193.13,,MELCC,20230403073600
2023-03-29,quinze,260.76,,MELCC,20230403073600
2023-03-29,rapide_7,308.12,,HQ,20230403073600
2023-03-29,timiskaming,175.64,,WSC,20230403073600
2023-03-29,timiskaming_haileybury,175.63,,WSC,20230403073600
2023-03-30,bark_lake,305.19,,OPG,20230403073600
2023-03-30,baskatong,209.01,,HQ,20230403073600
2023-03-30,cabonga,359.38,,HQ,20230403073600
2023-03-30,des_joachims,149.6,,OPG,20230403073600
2023-03-30,dozois,338.52,,HQ,20230403073600
2023-03-30,kiamika,265.59,,MELCC,20230403073600
2023-03-30,kipawa,267.55,,MELCC,20230403073600
2023-03-30,lady_evelyn,287.07,,OPG,20230403073600
2023-03-30,mitchinamecus,376.84,,MELCC,20230403073600
2023-03-30,poisson_blanc,193.12,,MELCC,20230403073600
2023-03-30,quinze,260.77,,MELCC,20230403073600
2023-03-30,rapide_7,308.1,,HQ,20230403073600
2023-03-30,timiskaming,175.63,,WSC,20230403073600
2023-03-30,timiskaming_haileybury,175.62,,WSC,20230403073600
2023-03-31,baskatong,208.92,,HQ,20230403073600
2023-03-31,cabonga,359.39,,HQ,20230403073600
2023-03-31,des_joachims,149.53,,OPG,20230403073600
2023-03-31,dozois,338.57,,HQ,20230403073600
2023-03-31,kiamika,265.54,,MELCC,20230403073600
2023-03-31,kipawa,267.51,,MELCC,20230403073600
2023-03-31,mitchinamecus,376.8,,MELCC,20230403073600
2023-03-31,poisson_blanc,193.08,,MELCC,20230403073600
2023-03-31,quinze,260.78,,MELCC,20230403073600
2023-03-31,rapide_7,308.02,,HQ,20230403073600
2023-03-31,timiskaming,175.62,,WSC,20230403073600
2023-03-31,timiskaming_haileybury,175.6,,WSC,20230403073600
2023-04-01,baskatong,208.83,,HQ,20230403073600
2023-04-01,cabonga,359.41,,HQ,20230403073600
2023-04-01,des_joachims,149.62,,OPG,20230403073600
2023-04-01,dozois,338.61,,HQ,20230403073600
2023-04-01,kiamika,265.51,,MELCC,20230403073600
2023-04-01,kipawa,267.52,,MELCC,20230403073600
2023-04-01,mitchinamecus,376.78,,MELCC,20230403073600
2023-04-01,poisson_blanc,193.07,,MELCC,20230403073600
2023-04-01,quinze,260.8,,MELCC,20230403073600
2023-04-01,rapide_7,307.97,,HQ,20230403073600
2023-04-01,timiskaming,175.64,,WSC,20230403073600
2023-04-01,timiskaming_haileybury,175.59,,WSC,20230403073600
2023-04-02,baskatong,208.73,,HQ,20230403073600
2023-04-02,cabonga,359.42,,HQ,20230403073600
2023-04-02,des_joachims,149.6,,OPG,20230403073600
2023-04-02,dozois,338.66,,HQ,20230403073600
2023-04-02,kiamika,265.48,,MELCC,20230403073600
2023-04-02,kipawa,267.54,,MELCC,20230403073600
2023-04-02,mitchinamecus,376.75,,MELCC,20230403073600
2023-04-02,poisson_blanc,193.05,,MELCC,20230403073600
2023-04-02,quinze,260.8,,MELCC,20230403073600
2023-04-02,rapide_7,307.95,,HQ,20230403073600
2023-04-02,timiskaming,175.6,,WSC,20230403073600
2023-04-02,timiskaming_haileybury,175.59,,WSC,20230403073600
2023-04-03,baskatong,208.7,,HQ,20230403073600
2023-04-03,cabonga,359.41,,HQ,20230403073600
2023-04-03,des_joachims,149.59,,OPG,20230403073600
2023-04-03,dozois,338.67,,HQ,20230403073600
2023-04-03,kiamika,265.47,,MELCC,20230403073600
2023-04-03,kipawa,267.54,,MELCC,20230403073600
2023-04-03,mitchinamecus,376.74,,MELCC,20230403073600
2023-04-03,poisson_blanc,193.04,,MELCC,20230403073600
2023-04-03,quinze,260.8,,MELCC,20230403073600
2023-04-03,rapide_7,307.94,,HQ,20230403073600
2023-04-03,timiskaming,175.58,,WSC,20230403073600
2023-04-03,timiskaming_haileybury,175.58,,WSC,20230403073600
2023-06-06,bark_lake,313.81,,OPG,20230613220457
2023-06-06,baskatong,221.3,,HQ,20230613220457
2023-06-06,cabonga,360.47,,HQ,20230613220457
2023-06-06,des_joachims,152.04,,OPG,20230613220457
2023-06-06,dozois,345.17,,HQ,20230613220457
2023-06-06,kiamika,269.33,,MELCC,20230613220457
2023-06-06,kipawa,269.54,,MELCC,20230613220457
2023-06-06,lady_evelyn,289.09,,OPG,20230613220457
2023-06-06,mitchinamecus,380.66,,MELCC,20230613220457
2023-06-06,poisson_blanc,200.97,,MELCC,20230613220457
2023-06-06,quinze,263.09,,MELCC,20230613220457
2023-06-06,rapide_7,308.99,,HQ,20230613220457
2023-06-06,timiskaming,179.16,,WSC,20230613220457
2023-06-06,timiskaming_haileybury,179.06,,WSC,20230613220457
2023-06-07,bark_lake,313.8,,OPG,20230613220457
2023-06-07,baskatong,221.31,,HQ,20230613220457
2023-06-07,cabonga,360.45,,HQ,20230613220457
2023-06-07,des_joachims,152.04,,OPG,20230613220457
2023-06-07,dozois,345.15,,HQ,20230613220457
2023-06-07,kiamika,269.33,,MELCC,20230613220457
2023-06-07,kipawa,269.55,,MELCC,20230613220457
2023-06-07,lady_evelyn,289.09,,OPG,20230613220457
2023-06-07,mitchinamecus,380.65,,MELCC,20230613220457
2023-06-07,poisson_blanc,200.95,,MELCC,20230613220457
2023-06-07,quinze,263.09,,MELCC,20230613220457
2023-06-07,rapide_7,308.98,,HQ,20230613220457
2023-06-07,timiskaming,179.17,,WSC,20230613220457
2023-06-07,timiskaming_haileybury,179.07,,WSC,20230613220457
2023-06-08,bark_lake,313.79,,OPG,20230613220457
2023-06-08,baskatong,221.29,,HQ,20230613220457
2023-06-08,cabonga,360.44,,HQ,20230613220457
2023-06-08,des_joachims,152.13,,OPG,20230613220457
2023-06-08,dozois,345.14,,HQ,20230613220457
2023-06-08,kiamika,269.32,,MELCC,20230613220457
2023-06-08,kipawa,269.56,,MELCC,20230613220457
2023-06-08,lady_evelyn,289.09,,OPG,20230613220457
2023-06-08,mitchinamecus,380.65,,MELCC,20230613220457
2023-06-08,poisson_blanc,200.93,,MELCC,20230613220457
2023-06-08,quinze,263.09,,MELCC,20230613220457
2023-06-08,rapide_7,308.97,,HQ,20230613220457
2023-06-08,timiskaming,179.18,,WSC,20230613220457
2023-06-08,timiskaming_haileybury,179.12,,WSC,20230613220457
2023-06-09,bark_lake,313.8,,OPG,20230613220457
2023-06-09,baskatong,221.27,,HQ,20230613220457
2023-06-09,cabonga,360.43,,HQ,20230613220457
2023-06-09,des_joachims,152.17,,OPG,20230613220457
2023-06-09,dozois,345.13,,HQ,20230613220457
2023-06-09,kiamika,269.33,,MELCC,20230613220457
2023-06-09,kipawa,269.56,,MELCC,20230613220457
2023-06-09,lady_evelyn,289.09,,OPG,20230613220457
2023-06-09,mitchinamecus,380.64,,MELCC,20230613220457
2023-06-09,poisson_blanc,200.9,,MELCC,20230613220457
2023-06-09,quinze,263.09,,MELCC,20230613220457
2023-06-09,rapide_7,308.95,,HQ,20230613220457
2023-06-09,timiskaming,179.22,,WSC,20230613220457
2023-06-09,timiskaming_haileybury,179.16,,WSC,20230613220457
2023-06-10,bark_lake,313.83,,OPG,20230613220457
2023-06-10,baskatong,221.26,,HQ,20230613220457
2023-06-10,cabonga,360.42,,HQ,20230613220457
2023-06-10,des_joachims,152.22,,OPG,20230613220457
2023-06-10,dozois,345.09,,HQ,20230613220457
2023-06-10,kiamika,269.32,,MELCC,20230613220457
2023-06-10,kipawa,269.58,,MELCC,20230613220457
2023-06-10,lady_evelyn,289.09,,OPG,20230613220457
2023-06-10,mitchinamecus,380.63,,MELCC,20230613220457
2023-06-10,poisson_blanc,200.87,,MELCC,20230613220457
2023-06-10,quinze,263.09,,MELCC,20230613220457
2023-06-10,rapide_7,308.91,,HQ,20230613220457
2023-06-10,timiskaming,179.3,,WSC,20230613220457
2023-06-10,timiskaming_haileybury,179.19,,WSC,20230613220457
2023-06-11,bark_lake,313.86,,OPG,20230613220457
2023-06-11,baskatong,221.25,,HQ,20230613220457
2023-06-11,cabonga,360.4,,HQ,20230613220457
2023-06-11,des_joachims,152.24,,OPG,20230613220457
2023-06-11,dozois,345.09,,HQ,20230613220457
2023-06-11,kiamika,269.32,,MELCC,20230613220457
2023-06-11,kipawa,269.58,,MELCC,20230613220457
2023-06-11,lady_evelyn,289.09,,OPG,20230613220457
2023-06-11,mitchinamecus,380.63,,MELCC,20230613220457
2023-06-11,poisson_blanc,200.84,,MELCC,20230613220457
2023-06-11,quinze,263.09,,MELCC,20230613220457
2023-06-11,rapide_7,308.89,,HQ,20230613220457
2023-06-11,timiskaming,179.31,,WSC,20230613220457
2023-06-11,timiskaming_haileybury,179.23,,WSC,20230613220457
2023-06-12,bark_lake,313.92,,OPG,20230613220457
2023-06-12,baskatong,221.24,,HQ,20230613220457
2023-06-12,cabonga,360.39,,HQ,20230613220457
2023-06-12,des_joachims,152.27,,OPG,20230613220457
2023-06-12,dozois,345.07,,HQ,20230613220457
2023-06-12,kiamika,269.31,,MELCC,20230613220457
2023-06-12,kipawa,269.62,,MELCC,20230613220457
2023-06-12,lady_evelyn,289.11,,OPG,20230613220457
2023-06-12,mitchinamecus,380.62,,MELCC,20230613220457
2023-06-12,poisson_blanc,200.82,,MELCC,20230613220457
2023-06-12,quinze,263.1,,MELCC,20230613220457
2023-06-12,rapide_7,308.86,,HQ,20230613220457
2023-06-12,timiskaming,179.36,,WSC,20230613220457
2023-06-12,timiskaming_haileybury,179.29,,WSC,20230613220457
2023-06-13,baskatong,221.23,,HQ,20230613220457
2023-06-13,cabonga,360.4,,HQ,20230613220457
2023-06-13,des_joachims,152.21,,OPG,20230613220457
2023-06-13,dozois,345.05,,HQ,20230613220457
2023-06-13,kiamika,269.3,,MELCC,20230613220457
2023-06-13,kipawa,269.59,,MELCC,20230613220457
2023-06-13,mitchinamecus,380.62,,MELCC,20230613220457
2023-06-13,poisson_blanc,200.82,,MELCC,20230613220457
2023-06-13,quinze,263.09,,MELCC,20230613220457
2023-06-13,rapide_7,308.86,,HQ,20230613220457
2023-06-13,timiskaming,179.37,,WSC,20230613220457
2023-06-13,timiskaming_haileybury,179.31,,WSC,20230613220457
2023-07-25,bark_lake,313.8,,OPG,20230801161828
2023-07-25,baskatong,221.59,,HQ,20230801161828
2023-07-25,cabonga,360.06,,HQ,20230801161828
2023-07-25,des_joachims,152.2,,OPG,20230801161828
2023-07-25,dozois,344.5,,HQ,20230801161828
2023-07-25,kiamika,268.71,,MELCC,20230801161828
2023-07-25,kipawa,269.56,,MELCC,20230801161828
2023-07-25,lady_evelyn,289.13,,OPG,20230801161828
2023-07-25,mitchinamecus,380.39,,MELCC,20230801161828
2023-07-25,poisson_blanc,200.88,,MELCC,20230801161828
2023-07-25,quinze,262.87,,MELCC,20230801161828
2023-07-25,rapide_7,309.07,,HQ,20230801161828
2023-07-25,timiskaming,179.14,,WSC,20230801161828
2023-07-25,timiskaming_haileybury,179.08,,WSC,20230801161828
2023-07-26,bark_lake,313.82,,OPG,20230801161828
2023-07-26,baskatong,221.59,,HQ,20230801161828
2023-07-26,cabonga,360.07,,HQ,20230801161828
2023-07-26,des_joachims,152.18,,OPG,20230801161828
2023-07-26,dozois,344.5,,HQ,20230801161828
2023-07-26,kiamika,268.7,,MELCC,20230801161828
2023-07-26,kipawa,269.57,,MELCC,20230801161828
2023-07-26,lady_evelyn,289.14,,OPG,20230801161828
2023-07-26,mitchinamecus,380.39,,MELCC,20230801161828
2023-07-26,poisson_blanc,200.94,,MELCC,20230801161828
2023-07-26,quinze,262.87,,MELCC,20230801161828
2023-07-26,rapide_7,309.04,,HQ,20230801161828
2023-07-26,timiskaming,179.2,,WSC,20230801161828
2023-07-26,timiskaming_haileybury,179.11,,WSC,20230801161828
2023-07-27,bark_lake,313.83,,OPG,20230801161828
2023-07-27,baskatong,221.58,,HQ,20230801161828
2023-07-27,cabonga,360.06,,HQ,20230801161828
2023-07-27,des_joachims,152.17,,OPG,20230801161828
2023-07-27,dozois,344.51,,HQ,20230801161828
2023-07-27,kiamika,268.69,,MELCC,20230801161828
2023-07-27,kipawa,269.56,,MELCC,20230801161828
2023-07-27,lady_evelyn,289.15,,OPG,20230801161828
2023-07-27,mitchinamecus,380.4,,MELCC,20230801161828
2023-07-27,poisson_blanc,200.97,,MELCC,20230801161828
2023-07-27,quinze,262.87,,MELCC,20230801161828
2023-07-27,rapide_7,309.01,,HQ,20230801161828
2023-07-27,timiskaming,179.18,,WSC,20230801161828
2023-07-27,timiskaming_haileybury,179.13,,WSC,20230801161828
2023-07-28,bark_lake,313.84,,OPG,20230801161828
2023-07-28,baskatong,221.58,,HQ,20230801161828
2023-07-28,cabonga,360.07,,HQ,20230801161828
2023-07-28,des_joachims,152.15,,OPG,20230801161828
2023-07-28,dozois,344.52,,HQ,20230801161828
2023-07-28,kiamika,268.68,,MELCC,20230801161828
2023-07-28,kipawa,269.57,,MELCC,20230801161828
2023-07-28,lady_evelyn,289.12,,OPG,20230801161828
2023-07-28,mitchinamecus,380.41,,MELCC,20230801161828
2023-07-28,poisson_blanc,201.0,,MELCC,20230801161828
2023-07-28,quinze,262.89,,MELCC,20230801161828
2023-07-28,rapide_7,308.98,,HQ,20230801161828
2023-07-28,timiskaming,179.26,,WSC,20230801161828
2023-07-28,timiskaming_haileybury,179.14,,WSC,20230801161828
2023-07-29,bark_lake,313.85,,OPG,20230801161828
2023-07-29,baskatong,221.57,,HQ,20230801161828
2023-07-29,cabonga,360.05,,HQ,20230801161828
2023-07-29,des_joachims,152.2,,OPG,20230801161828
2023-07-29,dozois,344.53,,HQ,20230801161828
2023-07-29,kiamika,268.66,,MELCC,20230801161828
2023-07-29,kipawa,269.56,,MELCC,20230801161828
2023-07-29,lady_evelyn,289.12,,OPG,20230801161828
2023-07-29,mitchinamecus,380.4,,MELCC,20230801161828
2023-07-29,poisson_blanc,200.99,,MELCC,20230801161828
2023-07-29,quinze,262.88,,MELCC,20230801161828
2023-07-29,rapide_7,308.95,,HQ,20230801161828
2023-07-29,timiskaming,179.23,,WSC,20230801161828
2023-07-29,timiskaming_haileybury,179.14,,WSC,20230801161828
2023-07-30,bark_lake,313.85,,OPG,20230801161828
2023-07-30,baskatong,221.56,,HQ,20230801161828
2023-07-30,cabonga,360.05,,HQ,20230801161828
2023-07-30,des_joachims,152.21,,OPG,20230801161828
2023-07-30,dozois,344.52,,HQ,20230801161828
2023-07-30,kiamika,268.65,,MELCC,20230801161828
2023-07-30,kipawa,269.56,,MELCC,20230801161828
2023-07-30,lady_evelyn,289.12,,OPG,20230801161828
2023-07-30,mitchinamecus,380.41,,MELCC,20230801161828
2023-07-30,poisson_blanc,200.98,,MELCC,20230801161828
2023-07-30,quinze,262.89,,MELCC,20230801161828
2023-07-30,rapide_7,308.93,,HQ,20230801161828
2023-07-30,timiskaming,179.25,,WSC,20230801161828
2023-07-30,timiskaming_haileybury,179.14,,WSC,20230801161828
2023-07-31,bark_lake,313.85,,OPG,20230801161828
2023-07-31,baskatong,221.55,,HQ,20230801161828
2023-07-31,cabonga,360.04,,HQ,20230801161828
2023-07-31,des_joachims,152.21,,OPG,20230801161828
2023-07-31,dozois,344.52,,HQ,20230801161828
2023-07-31,kiamika,268.63,,MELCC,20230801161828
2023-07-31,kipawa,269.56,,MELCC,20230801161828
2023-07-31,lady_evelyn,289.12,,OPG,20230801161828
2023-07-31,mitchinamecus,380.4,,MELCC,20230801161828
2023-07-31,poisson_blanc,200.93,,MELCC,20230801161828
2023-07-31,quinze,262.89,,MELCC,20230801161828
2023-07-31,rapide_7,308.93,,HQ,20230801161828
2023-07-31,timiskaming,179.24,,WSC,20230801161828
2023-07-31,timiskaming_haileybury,179.15,,WSC,20230801161828
2023-08-01,baskatong,221.53,,HQ,20230801161828
2023-08-01,cabonga,360.04,,HQ,20230801161828
2023-08-01,des_joachims,152.22,,OPG,20230801161828
2023-08-01,dozois,344.51,,HQ,20230801161828
2023-08-01,kiamika,268.63,,MELCC,20230801161828
2023-08-01,kipawa,269.52,,MELCC,20230801161828
2023-08-01,mitchinamecus,380.4,,MELCC,20230801161828
2023-08-01,poisson_blanc,200.91,,MELCC,20230801161828
2023-08-01,quinze,262.89,,MELCC,20230801161828
2023-08-01,rapide_7,308.93,,HQ,20230801161828
2023-08-01,timiskaming,179.24,,WSC,20230801161828
2023-08-01,timiskaming_haileybury,179.15,,WSC,20230801161828
2023-09-17,bark_lake,313.75,,OPG,20230924172319
2023-09-17,baskatong,220.5,,HQ,20230924172319
2023-09-17,cabonga,360.0,,HQ,20230924172319
2023-09-17,des_joachims,152.07,,OPG,20230924172319
2023-09-17,dozois,343.72,,HQ,20230924172319
2023-09-17,kiamika,268.1,,MELCC,20230924172319
2023-09-17,kipawa,269.42,,MELCC,20230924172319
2023-09-17,lady_evelyn,289.22,,OPG,20230924172319
2023-09-17,mitchinamecus,380.16,,MELCC,20230924172319
2023-09-17,poisson_blanc,199.52,,MELCC,20230924172319
2023-09-17,quinze,263.04,,MELCC,20230924172319
2023-09-17,rapide_7,309.18,,HQ,20230924172319
2023-09-17,timiskaming,179.26,,WSC,20230924172319
2023-09-17,timiskaming_haileybury,179.16,,WSC,20230924172319
2023-09-18,bark_lake,313.76,,OPG,20230924172319
2023-09-18,baskatong,220.49,,HQ,20230924172319
2023-09-18,cabonga,360.02,,HQ,20230924172319
2023-09-18,des_joachims,152.11,,OPG,20230924172319
2023-09-18,dozois,343.7,,HQ,20230924172319
2023-09-18,kiamika,268.09,,MELCC,20230924172319
2023-09-18,kipawa,269.41,,MELCC,20230924172319
2023-09-18,lady_evelyn,289.22,,OPG,20230924172319
2023-09-18,mitchinamecus,380.16,,MELCC,20230924172319
2023-09-18,poisson_blanc,199.49,,MELCC,20230924172319
2023-09-18,quinze,263.04,,MELCC,20230924172319
2023-09-18,rapide_7,309.18,,HQ,20230924172319
2023-09-18,timiskaming,179.25,,WSC,20230924172319
2023-09-18,timiskaming_haileybury,179.17,,WSC,20230924172319
2023-09-19,bark_lake,313.75,,OPG,20230924172319
2023-09-19,baskatong,220.46,,HQ,20230924172319
2023-09-19,cabonga,360.02,,HQ,20230924172319
2023-09-19,des_joachims,152.12,,OPG,20230924172319
2023-09-19,dozois,343.69,,HQ,20230924172319
2023-09-19,kiamika,268.09,,MELCC,20230924172319
2023-09-19,kipawa,269.41,,MELCC,20230924172319
2023-09-19,lady_evelyn,289.22,,OPG,20230924172319
2023-09-19,mitchinamecus,380.15,,MELCC,20230924172319
2023-09-19,poisson_blanc,199.48,,MELCC,20230924172319
2023-09-19,quinze,263.04,,MELCC,20230924172319
2023-09-19,rapide_7,309.18,,HQ,20230924172319
2023-09-19,timiskaming,179.24,,WSC,20230924172319
2023-09-19,timiskaming_haileybury,179.17,,WSC,20230924172319
2023-09-20,baskatong,220.4,,HQ,20230924172319
2023-09-20,cabonga,360.02,,HQ,20230924172319
2023-09-20,des_joachims,152.12,,OPG,20230924172319
2023-09-20,dozois,343.68,,HQ,20230924172319
2023-09-20,kiamika,268.07,,MELCC,20230924172319
2023-09-20,kipawa,269.35,,MELCC,20230924172319
2023-09-20,mitchinamecus,380.11,,MELCC,20230924172319
2023-09-20,poisson_blanc,199.42,,MELCC,20230924172319
2023-09-20,quinze,263.04,,MELCC,20230924172319
2023-09-20,rapide_7,309.18,,HQ,20230924172319
2023-09-20,timiskaming,179.21,,WSC,20230924172319
2023-09-20,timiskaming_haileybury,179.17,,WSC,20230924172319
2023-09-21,baskatong,220.35,,HQ,20230924172319
2023-09-21,cabonga,360.01,,HQ,20230924172319
2023-09-21,des_joachims,152.1,,OPG,20230924172319
2023-09-21,dozois,343.66,,HQ,20230924172319
2023-09-21,kiamika,268.04,,MELCC,20230924172319
2023-09-21,kipawa,269.34,,MELCC,20230924172319
2023-09-21,mitchinamecus,380.08,,MELCC,20230924172319
2023-09-21,poisson_blanc,199.37,,MELCC,20230924172319
2023-09-21,quinze,263.04,,MELCC,20230924172319
2023-09-21,rapide_7,309.17,,HQ,20230924172319
2023-09-21,timiskaming,179.21,,WSC,20230924172319
2023-09-21,timiskaming_haileybury,179.17,,WSC,20230924172319
2023-09-22,baskatong,220.29,,HQ,20230924172319
2023-09-22,cabonga,360.01,,HQ,20230924172319
2023-09-22,des_joachims,152.08,,OPG,20230924172319
2023-09-22,dozois,343.63,,HQ,20230924172319
2023-09-22,kiamika,268.02,,MELCC,20230924172319
2023-09-22,kipawa,269.33,,MELCC,20230924172319
2023-09-22,mitchinamecus,380.05,,MELCC,20230924172319
2023-09-22,poisson_blanc,199.32,,MELCC,20230924172319
2023-09-22,quinze,263.03,,MELCC,20230924172319
2023-09-22,rapide_7,309.16,,HQ,20230924172319
2023-09-22,timiskaming,179.2,,WSC,20230924172319
2023-09-22,timiskaming_haileybury,179.17,,WSC,20230924172319
2023-09-23,baskatong,220.23,,HQ,20230924172319
2023-09-23,cabonga,360.01,,HQ,20230924172319
2023-09-23,des_joachims,152.09,,OPG,20230924172319
2023-09-23,dozois,343.61,,HQ,20230924172319
2023-09-23,kiamika,268.0,,MELCC,20230924172319
2023-09-23,kipawa,269.31,,MELCC,20230924172319
2023-09-23,mitchinamecus,380.02,,MELCC,20230924172319
2023-09-23,poisson_blanc,199.28,,MELCC,20230924172319
2023-09-23,quinze,263.03,,MELCC,20230924172319
2023-09-23,rapide_7,309.15,,HQ,20230924172319
2023-09-23,timiskaming,179.2,,WSC,20230924172319
2023-09-23,timiskaming_haileybury,179.15,,WSC,20230924172319
2023-09-24,baskatong,220.17,,HQ,20230924172319
2023-09-24,cabonga,360.01,,HQ,20230924172319
2023-09-24,des_joachims,152.11,,OPG,20230924172319
2023-09-24,dozois,343.59,,HQ,20230924172319
2023-09-24,kiamika,267.99,,MELCC,20230924172319
2023-09-24,kipawa,269.3,,MELCC,20230924172319
2023-09-24,mitchinamecus,380.0,,MELCC,20230924172319
2023-09-24,poisson_blanc,199.24,,MELCC,20230924172319
2023-09-24,quinze,263.02,,MELCC,20230924172319
2023-09-24,rapide_7,309.14,,HQ,20230924172319
2023-09-24,timiskaming,179.2,,WSC,20230924172319
2023-09-24,timiskaming_haileybury,179.14,,WSC,20230924172319
2023-10-06,bark_lake,313.77,,OPG,20231014043808
2023-10-06,baskatong,219.47,,HQ,20231014043808
2023-10-06,cabonga,360.02,,HQ,20231014043808
2023-10-06,des_joachims,152.16,,OPG,20231014043808
2023-10-06,dozois,343.23,,HQ,20231014043808
2023-10-06,kiamika,267.71,,MELCC,20231014043808
2023-10-06,kipawa,269.15,,MELCC,20231014043808
2023-10-06,lady_evelyn,289.15,,OPG,20231014043808
2023-10-06,mitchinamecus,379.66,,MELCC,20231014043808
2023-10-06,poisson_blanc,198.97,,MELCC,20231014043808
2023-10-06,quinze,262.86,,MELCC,20231014043808
2023-10-06,rapide_7,308.97,,HQ,20231014043808
2023-10-06,timiskaming,179.05,,WSC,20231014043808
2023-10-06,timiskaming_haileybury,179.01,,WSC,20231014043808
2023-10-07,bark_lake,313.78,,OPG,20231014043808
2023-10-07,baskatong,219.45,,HQ,20231014043808
2023-10-07,cabonga,360.04,,HQ,20231014043808
2023-10-07,des_joachims,152.11,,OPG,20231014043808
2023-10-07,dozois,343.2,,HQ,20231014043808
2023-10-07,kiamika,267.72,,MELCC,20231014043808
2023-10-07,kipawa,269.16,,MELCC,20231014043808
2023-10-07,lady_evelyn,289.15,,OPG,20231014043808
2023-10-07,mitchinamecus,379.67,,MELCC,20231014043808
2023-10-07,poisson_blanc,198.95,,MELCC,20231014043808
2023-10-07,quinze,262.88,,MELCC,20231014043808
2023-10-07,rapide_7,308.97,,HQ,20231014043808
2023-10-07,timiskaming,179.11,,WSC,20231014043808
2023-10-07,timiskaming_haileybury,178.98,,WSC,20231014043808
2023-10-08,bark_lake,313.79,,OPG,20231014043808
2023-10-08,baskatong,219.46,,HQ,20231014043808
2023-10-08,cabonga,360.08,,HQ,20231014043808
2023-10-08,des_joachims,152.16,,OPG,20231014043808
2023-10-08,dozois,343.25,,HQ,20231014043808
2023-10-08,kiamika,267.73,,MELCC,20231014043808
2023-10-08,kipawa,269.17,,MELCC,20231014043808
2023-10-08,lady_evelyn,289.2,,OPG,20231014043808
2023-10-08,mitchinamecus,379.7,,MELCC,20231014043808
2023-10-08,poisson_blanc,198.94,,MELCC,20231014043808
2023-10-08,quinze,262.92,,MELCC,20231014043808
2023-10-08,rapide_7,309.01,,HQ,20231014043808
2023-10-08,timiskaming,179.12,,WSC,20231014043808
2023-10-08,timiskaming_haileybury,179.06,,WSC,20231014043808
2023-10-09,bark_lake,313.8,,OPG,20231014043808
2023-10-09,baskatong,219.54,,HQ,20231014043808
2023-10-09,cabonga,360.1,,HQ,20231014043808
2023-10-09,des_joachims,152.22,,OPG,20231014043808
2023-10-09,dozois,343.24,,HQ,20231014043808
2023-10-09,kiamika,267.76,,MELCC,20231014043808
2023-10-09,kipawa,269.18,,MELCC,20231014043808
2023-10-09,lady_evelyn,289.2,,OPG,20231014043808
2023-10-09,mitchinamecus,379.74,,MELCC,20231014043808
2023-10-09,poisson_blanc,198.95,,MELCC,20231014043808
2023-10-09,quinze,263.04,,MELCC,20231014043808
2023-10-09,rapide_7,309.08,,HQ,20231014043808
2023-10-09,timiskaming,179.2,,WSC,20231014043808
2023-10-09,timiskaming_haileybury,179.2,,WSC,20231014043808
2023-10-10,bark_lake,313.8,,OPG,20231014043808
2023-10-10,baskatong,219.57,,HQ,20231014043808
2023-10-10,cabonga,360.11,,HQ,20231014043808
2023-10-10,des_joachims,152.18,,OPG,20231014043808
2023-10-10,dozois,343.26,,HQ,20231014043808
2023-10-10,kiamika,267.77,,MELCC,20231014043808
2023-10-10,kipawa,269.19,,MELCC,20231014043808
2023-10-10,lady_evelyn,289.2,,OPG,20231014043808
2023-10-10,mitchinamecus,379.75,,MELCC,20231014043808
2023-10-10,poisson_blanc,198.96,,MELCC,20231014043808
2023-10-10,quinze,263.06,,MELCC,20231014043808
2023-10-10,rapide_7,309.1,,HQ,20231014043808
2023-10-10,timiskaming,179.25,,WSC,20231014043808
2023-10-10,timiskaming_haileybury,179.22,,WSC,20231014043808
2023-10-11,baskatong,219.7,,HQ,20231014043808
2023-10-11,cabonga,360.14,,HQ,20231014043808
2023-10-11,des_joachims,152.26,,OPG,20231014043808
2023-10-11,dozois,343.28,,HQ,20231014043808
2023-10-11,kiamika,267.8,,MELCC,20231014043808
2023-10-11,kipawa,269.16,,MELCC,20231014043808
2023-10-11,mitchinamecus,379.8,,MELCC,20231014043808
2023-10-11,poisson_blanc,199.01,,MELCC,20231014043808
2023-10-11,quinze,263.15,,MELCC,20231014043808
2023-10-11,rapide_7,309.15,,HQ,20231014043808
2023-10-11,timiskaming,179.31,,WSC,20231014043808
2023-10-11,timiskaming_haileybury,179.3,,WSC,20231014043808
2023-10-12,baskatong,219.78,,HQ,20231014043808
2023-10-12,cabonga,360.16,,HQ,20231014043808
2023-10-12,des_joachims,152.2,,OPG,20231014043808
2023-10-12,dozois,343.31,,HQ,20231014043808
2023-10-12,kiamika,267.83,,MELCC,20231014043808
2023-10-12,kipawa,269.16,,MELCC,20231014043808
2023-10-12,mitchinamecus,379.84,,MELCC,20231014043808
2023-10-12,poisson_blanc,199.08,,MELCC,20231014043808
2023-10-12,quinze,263.21,,MELCC,20231014043808
2023-10-12,rapide_7,309.17,,HQ,20231014043808
2023-10-12,timiskaming,179.31,,WSC,20231014043808
2023-10-12,timiskaming_haileybury,179.3,,WSC,20231014043808
2023-10-13,baskatong,219.86,,HQ,20231014043808
2023-10-13,cabonga,360.17,,HQ,20231014043808
2023-10-13,des_joachims,152.13,,OPG,20231014043808
2023-10-13,dozois,343.33,,HQ,20231014043808
2023-10-13,kiamika,267.85,,MELCC,20231014043808
2023-10-13,kipawa,269.16,,MELCC,20231014043808
2023-10-13,mitchinamecus,379.87,,MELCC,20231014043808
2023-10-13,poisson_blanc,199.16,,MELCC,20231014043808
2023-10-13,quinze,263.25,,MELCC,20231014043808
2023-10-13,rapide_7,309.19,,HQ,20231014043808
2023-10-13,timiskaming,179.3,,WSC,20231014043808
2023-10-13,timiskaming_haileybury,179.29,,WSC,20231014043808
2023-10-25,bark_lake,313.53,,OPG,20231101115944
2023-10-25,baskatong,220.23,,HQ,20231101115944
2023-10-25,cabonga,360.28,,HQ,20231101115944
2023-10-25,des_joachims,151.81,,OPG,20231101115944
2023-10-25,dozois,343.61,,HQ,20231101115944
2023-10-25,kiamika,267.97,,MELCC,20231101115944
2023-10-25,kipawa,269.29,,MELCC,20231101115944
2023-10-25,lady_evelyn,289.2,,OPG,20231101115944
2023-10-25,mitchinamecus,379.97,,MELCC,20231101115944
2023-10-25,poisson_blanc,199.98,,MELCC,20231101115944
2023-10-25,quinze,263.4,,MELCC,20231101115944
2023-10-25,rapide_7,309.17,,HQ,20231101115944
2023-10-25,timiskaming,179.07,,WSC,20231101115944
2023-10-25,timiskaming_haileybury,179.19,,WSC,20231101115944
2023-10-26,bark_lake,313.52,,OPG,20231101115944
2023-10-26,baskatong,220.26,,HQ,20231101115944
2023-10-26,cabonga,360.3,,HQ,20231101115944
2023-10-26,des_joachims,151.73,,OPG,20231101115944
2023-10-26,dozois,343.66,,HQ,20231101115944
2023-10-26,kiamika,267.99,,MELCC,20231101115944
2023-10-26,kipawa,269.31,,MELCC,20231101115944
2023-10-26,lady_evelyn,289.19,,OPG,20231101115944
2023-10-26,mitchinamecus,380.0,,MELCC,20231101115944
2023-10-26,poisson_blanc,200.07,,MELCC,20231101115944
2023-10-26,quinze,263.45,,MELCC,20231101115944
2023-10-26,rapide_7,309.17,,HQ,20231101115944
2023-10-26,timiskaming,179.0,,WSC,20231101115944
2023-10-26,timiskaming_haileybury,179.14,,WSC,20231101115944
2023-10-27,bark_lake,313.52,,OPG,20231101115944
2023-10-27,baskatong,220.31,,HQ,20231101115944
2023-10-27,cabonga,360.33,,HQ,20231101115944
2023-10-27,des_joachims,151.71,,OPG,20231101115944
2023-10-27,dozois,343.71,,HQ,20231101115944
2023-10-27,kiamika,268.05,,MELCC,20231101115944
2023-10-27,kipawa,269.33,,MELCC,20231101115944
2023-10-27,lady_evelyn,289.2,,OPG,20231101115944
2023-10-27,mitchinamecus,380.04,,MELCC,20231101115944
2023-10-27,poisson_blanc,200.17,,MELCC,20231101115944
2023-10-27,quinze,263.45,,MELCC,20231101115944
2023-10-27,rapide_7,309.16,,HQ,20231101115944
2023-10-27,timiskaming,179.03,,WSC,20231101115944
2023-10-27,timiskaming_haileybury,179.14,,WSC,20231101115944
2023-10-28,bark_lake,313.52,,OPG,20231101115944
2023-10-28,baskatong,220.4,,HQ,20231101115944
2023-10-28,cabonga,360.36,,HQ,20231101115944
2023-10-28,des_joachims,151.72,,OPG,20231101115944
2023-10-28,dozois,343.75,,HQ,20231101115944
2023-10-28,kiamika,268.14,,MELCC,20231101115944
2023-10-28,kipawa,269.37,,MELCC,20231101115944
2023-10-28,lady_evelyn,289.19,,OPG,20231101115944
2023-10-28,mitchinamecus,380.1,,MELCC,20231101115944
2023-10-28,poisson_blanc,200.32,,MELCC,20231101115944
2023-10-28,quinze,263.46,,MELCC,20231101115944
2023-10-28,rapide_7,309.17,,HQ,20231101115944
2023-10-28,timiskaming,179.0,,WSC,20231101115944
2023-10-28,timiskaming_haileybury,179.14,,WSC,20231101115944
2023-10-29,bark_lake,313.51,,OPG,20231101115944
2023-10-29,baskatong,220.49,,HQ,20231101115944
2023-10-29,cabonga,360.37,,HQ,20231101115944
2023-10-29,des_joachims,151.72,,OPG,20231101115944
2023-10-29,dozois,343.81,,HQ,20231101115944
2023-10-29,kiamika,268.19,,MELCC,20231101115944
2023-10-29,kipawa,269.38,,MELCC,20231101115944
2023-10-29,lady_evelyn,289.17,,OPG,20231101115944
2023-10-29,mitchinamecus,380.13,,MELCC,20231101115944
2023-10-29,poisson_blanc,200.5,,MELCC,20231101115944
2023-10-29,quinze,263.45,,MELCC,20231101115944
2023-10-29,rapide_7,309.17,,HQ,20231101115944
2023-10-29,timiskaming,179.0,,WSC,20231101115944
2023-10-29,timiskaming_haileybury,179.14,,WSC,20231101115944
2023-10-30,bark_lake,313.51,,OPG,20231101115944
2023-10-30,baskatong,220.56,,HQ,20231101115944
2023-10-30,cabonga,360.4,,HQ,20231101115944
2023-10-30,des_joachims,151.75,,OPG,20231101115944
2023-10-30,dozois,343.85,,HQ,20231101115944
2023-10-30,kiamika,268.23,,MELCC,20231101115944
2023-10-30,kipawa,269.4,,MELCC,20231101115944
2023-10-30,lady_evelyn,289.17,,OPG,20231101115944
2023-10-30,mitchinamecus,380.16,,MELCC,20231101115944
2023-10-30,poisson_blanc,200.67,,MELCC,20231101115944
2023-10-30,quinze,263.42,,MELCC,20231101115944
2023-10-30,rapide_7,309.16,,HQ,20231101115944
2023-10-30,timiskaming,178.98,,WSC,20231101115944
2023-10-30,timiskaming_haileybury,179.12,,WSC,20231101115944
2023-10-31,bark_lake,313.51,,OPG,20231101115944
2023-10-31,baskatong,220.58,,HQ,20231101115944
2023-10-31,cabonga,360.39,,HQ,20231101115944
2023-10-31,des_joachims,151.74,,OPG,20231101115944
2023-10-31,dozois,343.89,,HQ,20231101115944
2023-10-31,kiamika,268.24,,MELCC,20231101115944
2023-10-31,kipawa,269.41,,MELCC,20231101115944
2023-10-31,lady_evelyn,289.17,,OPG,20231101115944
2023-10-31,mitchinamecus,380.17,,MELCC,20231101115944
2023-10-31,poisson_blanc,200.72,,MELCC,20231101115944
2023-10-31,quinze,263.41,,MELCC,20231101115944
2023-10-31,rapide_7,309.18,,HQ,20231101115944
2023-10-31,timiskaming,178.96,,WSC,20231101115944
2023-10-31,timiskaming_haileybury,179.11,,WSC,20231101115944
2023-11-01,baskatong,220.64,,HQ,20231101115944
2023-11-01,cabonga,360.39,,HQ,20231101115944
2023-11-01,des_joachims,151.74,,OPG,20231101115944
2023-11-01,dozois,343.93,,HQ,20231101115944
2023-11-01,kiamika,268.27,,MELCC,20231101115944
2023-11-01,kipawa,269.39,,MELCC,20231101115944
2023-11-01,mitchinamecus,380.19,,MELCC,20231101115944
2023-11-01,poisson_blanc,200.84,,MELCC,20231101115944
2023-11-01,quinze,263.37,,MELCC,20231101115944
2023-11-01,rapide_7,309.17,,HQ,20231101115944
2023-11-01,timiskaming,178.96,,WSC,20231101115944
2023-11-01,timiskaming_haileybury,179.08,,WSC,20231101115944
2023-11-24,bark_lake,313.07,,OPG,20231201232549
2023-11-24,baskatong,220.41,,HQ,20231201232549
2023-11-24,cabonga,360.54,,HQ,20231201232549
2023-11-24,des_joachims,152.16,,OPG,20231201232549
2023-11-24,dozois,344.16,,HQ,20231201232549
2023-11-24,kiamika,268.37,,MELCC,20231201232549
2023-11-24,kipawa,269.41,,MELCC,20231201232549
2023-11-24,lady_evelyn,288.94,,OPG,20231201232549
2023-11-24,mitchinamecus,380.12,,MELCC,20231201232549
2023-11-24,poisson_blanc,201.17,,MELCC,20231201232549
2023-11-24,quinze,263.25,,MELCC,20231201232549
2023-11-24,rapide_7,309.08,,HQ,20231201232549
2023-11-24,timiskaming,178.84,,WSC,20231201232549
2023-11-24,timiskaming_haileybury,178.86,,WSC,20231201232549
2023-11-25,bark_lake,313.02,,OPG,20231201232549
2023-11-25,baskatong,220.4,,HQ,20231201232549
2023-11-25,cabonga,360.54,,HQ,20231201232549
2023-11-25,des_joachims,152.18,,OPG,20231201232549
2023-11-25,dozois,344.14,,HQ,20231201232549
2023-11-25,kiamika,268.36,,MELCC,20231201232549
2023-11-25,kipawa,269.41,,MELCC,20231201232549
2023-11-25,lady_evelyn,288.92,,OPG,20231201232549
2023-11-25,mitchinamecus,380.09,,MELCC,20231201232549
2023-11-25,poisson_blanc,201.12,,MELCC,20231201232549
2023-11-25,quinze,263.23,,MELCC,20231201232549
2023-11-25,rapide_7,309.07,,HQ,20231201232549
2023-11-25,timiskaming,178.83,,WSC,20231201232549
2023-11-25,timiskaming_haileybury,178.86,,WSC,20231201232549
2023-11-26,bark_lake,312.98,,OPG,20231201232549
2023-11-26,baskatong,220.42,,HQ,20231201232549
2023-11-26,cabonga,360.52,,HQ,20231201232549
2023-11-26,des_joachims,152.23,,OPG,20231201232549
2023-11-26,dozois,344.11,,HQ,20231201232549
2023-11-26,kiamika,268.36,,MELCC,20231201232549
2023-11-26,kipawa,269.42,,MELCC,20231201232549
2023-11-26,lady_evelyn,288.9,,OPG,20231201232549
2023-11-26,mitchinamecus,380.09,,MELCC,20231201232549
2023-11-26,poisson_blanc,201.09,,MELCC,20231201232549
2023-11-26,quinze,263.26,,MELCC,20231201232549
2023-11-26,rapide_7,309.07,,HQ,20231201232549
2023-11-26,timiskaming,178.85,,WSC,20231201232549
2023-11-26,timiskaming_haileybury,178.86,,WSC,20231201232549
2023-11-27,bark_lake,312.95,,OPG,20231201232549
2023-11-27,baskatong,220.39,,HQ,20231201232549
2023-11-27,cabonga,360.53,,HQ,20231201232549
2023-11-27,des_joachims,152.21,,OPG,20231201232549
2023-11-27,dozois,344.09,,HQ,20231201232549
2023-11-27,kiamika,268.35,,MELCC,20231201232549
2023-11-27,kipawa,269.42,,MELCC,20231201232549
2023-11-27,lady_evelyn,288.89,,OPG,20231201232549
2023-11-27,mitchinamecus,380.07,,MELCC,20231201232549
2023-11-27,poisson_blanc,201.08,,MELCC,20231201232549
2023-11-27,quinze,263.23,,MELCC,20231201232549
2023-11-27,rapide_7,309.07,,HQ,20231201232549
2023-11-27,timiskaming,178.85,,WSC,20231201232549
2023-11-27,timiskaming_haileybury,178.83,,WSC,20231201232549
2023-11-28,bark_lake,312.94,,OPG,20231201232549
2023-11-28,baskatong,220.39,,HQ,20231201232549
2023-11-28,cabonga,360.53,,HQ,20231201232549
2023-11-28,des_joachims,152.26,,OPG,20231201232549
2023-11-28,dozois,344.08,,HQ,20231201232549
2023-11-28,kiamika,268.36,,MELCC,20231201232549
2023-11-28,kipawa,269.42,,MELCC,20231201232549
2023-11-28,lady_evelyn,288.9,,OPG,20231201232549
2023-11-28,mitchinamecus,380.06,,MELCC,20231201232549
2023-11-28,poisson_blanc,201.07,,MELCC,20231201232549
2023-11-28,quinze,263.23,,MELCC,20231201232549
2023-11-28,rapide_7,309.07,,HQ,20231201232549
2023-11-28,timiskaming,178.82,,WSC,20231201232549
2023-11-28,timiskaming_haileybury,178.82,,WSC,20231201232549
2023-11-29,baskatong,220.4,,HQ,20231201232549
2023-11-29,cabonga,360.52,,HQ,20231201232549
2023-11-29,des_joachims,152.18,,OPG,20231201232549
2023-11-29,dozois,344.05,,HQ,20231201232549
2023-11-29,kiamika,268.33,,MELCC,20231201232549
2023-11-29,kipawa,269.39,,MELCC,20231201232549
2023-11-29,mitchinamecus,380.05,,MELCC,20231201232549
2023-11-29,poisson_blanc,201.06,,MELCC,20231201232549
2023-11-29,quinze,263.26,,MELCC,20231201232549
2023-11-29,rapide_7,309.07,,HQ,20231201232549
2023-11-29,timiskaming,178.82,,WSC,20231201232549
2023-11-29,timiskaming_haileybury,178.83,,WSC,20231201232549
2023-11-30,baskatong,220.39,,HQ,20231201232549
2023-11-30,cabonga,360.51,,HQ,20231201232549
2023-11-30,des_joachims,152.15,,OPG,20231201232549
2023-11-30,dozois,344.02,,HQ,20231201232549
2023-11-30,kiamika,268.29,,MELCC,20231201232549
2023-11-30,kipawa,269.39,,MELCC,20231201232549
2023-11-30,mitchinamecus,380.03,,MELCC,20231201232549
2023-11-30,poisson_blanc,200.99,,MELCC,20231201232549
2023-11-30,quinze,263.27,,MELCC,20231201232549
2023-11-30,rapide_7,309.07,,HQ,20231201232549
2023-11-30,timiskaming,178.81,,WSC,20231201232549
2023-11-30,timiskaming_haileybury,178.82,,WSC,20231201232549
2023-12-01,baskatong,220.39,,HQ,20231201232549
2023-12-01,cabonga,360.51,,HQ,20231201232549
2023-12-01,des_joachims,152.17,,OPG,20231201232549
2023-12-01,dozois,343.98,,HQ,20231201232549
2023-12-01,kiamika,268.23,,MELCC,20231201232549
2023-12-01,kipawa,269.39,,MELCC,20231201232549
2023-12-01,mitchinamecus,380.03,,MELCC,20231201232549
2023-12-01,poisson_blanc,200.94,,MELCC,20231201232549
2023-12-01,quinze,263.28,,MELCC,20231201232549
2023-12-01,rapide_7,309.07,,HQ,20231201232549
2023-12-01,timiskaming,178.82,,WSC,20231201232549
2023-12-01,timiskaming_haileybury,178.81,,WSC,20231201232549
2023-12-25,baskatong,220.23,,HQ,20240101090832
2023-12-25,cabonga,360.04,,HQ,20240101090832
2023-12-25,des_joachims,151.97,,OPG,20240101090832
2023-12-25,dozois,343.38,,HQ,20240101090832
2023-12-25,kiamika,267.49,,MELCC,20240101090832
2023-12-25,kipawa,269.24,,MELCC,20240101090832
2023-12-25,mitchinamecus,379.82,,MELCC,20240101090832
2023-12-25,poisson_blanc,200.07,,MELCC,20240101090832
2023-12-25,quinze,263.25,,MELCC,20240101090832
2023-12-25,rapide_7,308.9,,HQ,20240101090832
2023-12-25,timiskaming,178.85,,WSC,20240101090832
2023-12-25,timiskaming_haileybury,178.82,,WSC,20240101090832
2023-12-26,baskatong,220.22,,HQ,20240101090832
2023-12-26,cabonga,360.03,,HQ,20240101090832
2023-12-26,des_joachims,152.02,,OPG,20240101090832
2023-12-26,dozois,343.36,,HQ,20240101090832
2023-12-26,kiamika,267.47,,MELCC,20240101090832
2023-12-26,kipawa,269.22,,MELCC,20240101090832
2023-12-26,mitchinamecus,379.82,,MELCC,20240101090832
2023-12-26,poisson_blanc,200.11,,MELCC,20240101090832
2023-12-26,quinze,263.25,,MELCC,20240101090832
2023-12-26,rapide_7,308.89,,HQ,20240101090832
2023-12-26,timiskaming,178.86,,WSC,20240101090832
2023-12-26,timiskaming_haileybury,178.82,,WSC,20240101090832
2023-12-27,baskatong,220.21,,HQ,20240101090832
2023-12-27,cabonga,360.01,,HQ,20240101090832
2023-12-27,des_joachims,152.01,,OPG,20240101090832
2023-12-27,dozois,343.35,,HQ,20240101090832
2023-12-27,kiamika,267.44,,MELCC,20240101090832
2023-12-27,kipawa,269.21,,MELCC,20240101090832
2023-12-27,mitchinamecus,379.81,,MELCC,20240101090832
2023-12-27,poisson_blanc,200.14,,MELCC,20240101090832
2023-12-27,quinze,263.25,,MELCC,20240101090832
2023-12-27,rapide_7,308.89,,HQ,20240101090832
2023-12-27,timiskaming,178.88,,WSC,20240101090832
2023-12-27,timiskaming_haileybury,178.83,,WSC,20240101090832
2023-12-28,baskatong,220.2,,HQ,20240101090832
2023-12-28,cabonga,359.99,,HQ,20240101090832
2023-12-28,des_joachims,152.0,,OPG,20240101090832
2023-12-28,dozois,343.33,,HQ,20240101090832
2023-12-28,kiamika,267.41,,MELCC,20240101090832
2023-12-28,kipawa,269.2,,MELCC,20240101090832
2023-12-28,mitchinamecus,379.8,,MELCC,20240101090832
2023-12-28,poisson_blanc,200.17,,MELCC,20240101090832
2023-12-28,quinze,263.25,,MELCC,20240101090832
2023-12-28,rapide_7,308.89,,HQ,20240101090832
2023-12-28,timiskaming,178.89,,WSC,20240101090832
2023-12-28,timiskaming_haileybury,178.84,,WSC,20240101090832
2023-12-29,des_joachims,152.06,,OPG,20240101090832
2023-12-29,kiamika,267.4,,MELCC,20240101090832
2023-12-29,kipawa,269.18,,MELCC,20240101090832
2023-12-29,mitchinamecus,379.79,,MELCC,20240101090832
2023-12-29,poisson_blanc,200.22,,MELCC,20240101090832
2023-12-29,quinze,263.25,,MELCC,20240101090832
2023-12-29,timiskaming,178.9,,WSC,20240101090832
2023-12-29,timiskaming_haileybury,178.84,,WSC,20240101090832
2023-12-30,des_joachims,152.11,,OPG,20240101090832
2023-12-30,kiamika,267.38,,MELCC,20240101090832
2023-12-30,kipawa,269.17,,MELCC,20240101090832
2023-12-30,mitchinamecus,379.78,,MELCC,20240101090832
2023-12-30,poisson_blanc,200.28,,MELCC,20240101090832
2023-12-30,quinze,263.25,,MELCC,20240101090832
2023-12-30,timiskaming,178.9,,WSC,20240101090832
2023-12-30,timiskaming_haileybury,178.85,,WSC,20240101090832
2023-12-31,des_joachims,152.09,,OPG,20240101090832
2023-12-31,kiamika,267.36,,MELCC,20240101090832
2023-12-31,kipawa,269.16,,MELCC,20240101090832
2023-12-31,mitchinamecus,379.77,,MELCC,20240101090832
2023-12-31,poisson_blanc,200.32,,MELCC,20240101090832
2023-12-31,quinze,263.25,,MELCC,20240101090832
2023-12-31,timiskaming,178.89,,WSC,20240101090832
2023-12-31,timiskaming_haileybury,178.85,,WSC,20240101090832
2024-01-25,bark_lake,309.36,,OPG,20240201090509
2024-01-25,baskatong,219.11,,HQ,20240201090509
2024-01-25,cabonga,359.45,,HQ,20240201090509
2024-01-25,des_joachims,152.16,,OPG,20240201090509
2024-01-25,dozois,342.25,,HQ,20240201090509
2024-01-25,kiamika,266.03,,MELCC,20240201090509
2024-01-25,kipawa,268.82,,MELCC,20240201090509
2024-01-25,lady_evelyn,287.24,,OPG,20240201090509
2024-01-25,mitchinamecus,379.31,,MELCC,20240201090509
2024-01-25,poisson_blanc,199.76,,MELCC,20240201090509
2024-01-25,quinze,262.44,,MELCC,20240201090509
2024-01-25,rapide_7,308.74,,HQ,20240201090509
2024-01-25,timiskaming,178.38,,WSC,20240201090509
2024-01-25,timiskaming_haileybury,178.41,,WSC,20240201090509
2024-01-26,bark_lake,309.2,,OPG,20240201090509
2024-01-26,baskatong,219.04,,HQ,20240201090509
2024-01-26,cabonga,359.43,,HQ,20240201090509
2024-01-26,des_joachims,152.2,,OPG,20240201090509
2024-01-26,dozois,342.19,,HQ,20240201090509
2024-01-26,kiamika,265.98,,MELCC,20240201090509
2024-01-26,kipawa,268.8,,MELCC,20240201090509
2024-01-26,lady_evelyn,287.19,,OPG,20240201090509
2024-01-26,mitchinamecus,379.28,,MELCC,20240201090509
2024-01-26,poisson_blanc,199.7,,MELCC,20240201090509
2024-01-26,quinze,262.39,,MELCC,20240201090509
2024-01-26,rapide_7,308.74,,HQ,20240201090509
2024-01-26,timiskaming,178.32,,WSC,20240201090509
2024-01-26,timiskaming_haileybury,178.36,,WSC,20240201090509
2024-01-27,bark_lake,309.05,,OPG,20240201090509
2024-01-27,baskatong,218.97,,HQ,20240201090509
2024-01-27,cabonga,359.42,,HQ,20240201090509
2024-01-27,des_joachims,152.22,,OPG,20240201090509
2024-01-27,dozois,342.14,,HQ,20240201090509
2024-01-27,kiamika,265.93,,MELCC,20240201090509
2024-01-27,kipawa,268.78,,MELCC,20240201090509
2024-01-27,lady_evelyn,287.14,,OPG,20240201090509
2024-01-27,mitchinamecus,379.24,,MELCC,20240201090509
2024-01-27,poisson_blanc,199.64,,MELCC,20240201090509
2024-01-27,quinze,262.34,,MELCC,20240201090509
2024-01-27,rapide_7,308.74,,HQ,20240201090509
2024-01-27,timiskaming,178.27,,WSC,20240201090509
2024-01-27,timiskaming_haileybury,178.31,,WSC,20240201090509
2024-01-28,bark_lake,308.9,,OPG,20240201090509
2024-01-28,baskatong,218.89,,HQ,20240201090509
2024-01-28,cabonga,359.4,,HQ,20240201090509
2024-01-28,des_joachims,152.2,,OPG,20240201090509
2024-01-28,dozois,342.09,,HQ,20240201090509
2024-01-28,kiamika,265.88,,MELCC,20240201090509
2024-01-28,kipawa,268.75,,MELCC,20240201090509
2024-01-28,lady_evelyn,287.08,,OPG,20240201090509
2024-01-28,mitchinamecus,379.21,,MELCC,20240201090509
2024-01-28,poisson_blanc,199.6,,MELCC,20240201090509
2024-01-28,quinze,262.3,,MELCC,20240201090509
2024-01-28,rapide_7,308.74,,HQ,20240201090509
2024-01-28,timiskaming,178.22,,WSC,20240201090509
2024-01-28,timiskaming_haileybury,178.25,,WSC,20240201090509
2024-01-29,bark_lake,308.75,,OPG,20240201090509
2024-01-29,baskatong,218.81,,HQ,20240201090509
2024-01-29,cabonga,359.39,,HQ,20240201090509
2024-01-29,des_joachims,152.18,,OPG,20240201090509
2024-01-29,dozois,342.04,,HQ,20240201090509
2024-01-29,kiamika,265.83,,MELCC,20240201090509
2024-01-29,kipawa,268.73,,MELCC,20240201090509
2024-01-29,lady_evelyn,287.04,,OPG,20240201090509
2024-01-29,mitchinamecus,379.18,,MELCC,20240201090509
2024-01-29,poisson_blanc,199.53,,MELCC,20240201090509
2024-01-29,quinze,262.26,,MELCC,20240201090509
2024-01-29,rapide_7,308.74,,HQ,20240201090509
2024-01-29,timiskaming,178.15,,WSC,20240201090509
2024-01-29,timiskaming_haileybury,178.21,,WSC,20240201090509
2024-01-30,bark_lake,308.7,,OPG,20240201090509
2024-01-30,baskatong,218.78,,HQ,20240201090509
2024-01-30,cabonga,359.38,,HQ,20240201090509
2024-01-30,des_joachims,152.15,,OPG,20240201090509
2024-01-30,dozois,342.02,,HQ,20240201090509
2024-01-30,kiamika,265.81,,MELCC,20240201090509
2024-01-30,kipawa,268.72,,MELCC,20240201090509
2024-01-30,lady_evelyn,287.01,,OPG,20240201090509
2024-01-30,mitchinamecus,379.17,,MELCC,20240201090509
2024-01-30,poisson_blanc,199.51,,MELCC,20240201090509
2024-01-30,quinze,262.25,,MELCC,20240201090509
2024-01-30,rapide_7,308.74,,HQ,20240201090509
2024-01-30,timiskaming,178.13,,WSC,20240201090509
2024-01-30,timiskaming_haileybury,178.19,,WSC,20240201090509
2024-01-31,baskatong,218.68,,HQ,20240201090509
2024-01-31,cabonga,359.37,,HQ,20240201090509
2024-01-31,des_joachims,152.13,,OPG,20240201090509
2024-01-31,dozois,341.96,,HQ,20240201090509
2024-01-31,kiamika,265.76,,MELCC,20240201090509
2024-01-31,kipawa,268.66,,MELCC,20240201090509
2024-01-31,mitchinamecus,379.13,,MELCC,20240201090509
2024-01-31,poisson_blanc,199.44,,MELCC,20240201090509
2024-01-31,quinze,262.21,,MELCC,20240201090509
2024-01-31,rapide_7,308.73,,HQ,20240201090509
2024-01-31,timiskaming,178.06,,WSC,20240201090509
2024-01-31,timiskaming_haileybury,178.13,,WSC,20240201090509
2024-02-23,bark_lake,307.03,,OPG,20240301210558
2024-02-23,baskatong,215.4,,HQ,20240301210558
2024-02-23,cabonga,359.21,,HQ,20240301210558
2024-02-23,des_joachims,151.99,,OPG,20240301210558
2024-02-23,dozois,339.69,,HQ,20240301210558
2024-02-23,kiamika,265.18,,MELCC,20240301210558
2024-02-23,kipawa,268.09,,MELCC,20240301210558
2024-02-23,lady_evelyn,286.45,,OPG,20240301210558
2024-02-23,mitchinamecus,378.33,,MELCC,20240301210558
2024-02-23,poisson_blanc,197.24,,MELCC,20240301210558
2024-02-23,quinze,261.37,,MELCC,20240301210558
2024-02-23,rapide_7,308.5,,HQ,20240301210558
2024-02-23,timiskaming,176.61,,WSC,20240301210558
2024-02-23,timiskaming_haileybury,176.71,,WSC,20240301210558
2024-02-24,bark_lake,307.01,,OPG,20240301210558
2024-02-24,baskatong,215.23,,HQ,20240301210558
2024-02-24,cabonga,359.21,,HQ,20240301210558
2024-02-24,des_joachims,151.96,,OPG,20240301210558
2024-02-24,dozois,339.55,,HQ,20240301210558
2024-02-24,kiamika,265.16,,MELCC,20240301210558
2024-02-24,kipawa,268.07,,MELCC,20240301210558
2024-02-24,lady_evelyn,286.46,,OPG,20240301210558
2024-02-24,mitchinamecus,378.29,,MELCC,20240301210558
2024-02-24,poisson_blanc,197.17,,MELCC,20240301210558
2024-02-24,quinze,261.35,,MELCC,20240301210558
2024-02-24,rapide_7,308.47,,HQ,20240301210558
2024-02-24,timiskaming,176.55,,WSC,20240301210558
2024-02-24,timiskaming_haileybury,176.68,,WSC,20240301210558
2024-02-25,bark_lake,307.01,,OPG,20240301210558
2024-02-25,baskatong,215.06,,HQ,20240301210558
2024-02-25,cabonga,359.21,,HQ,20240301210558
2024-02-25,des_joachims,151.91,,OPG,20240301210558
2024-02-25,dozois,339.41,,HQ,20240301210558
2024-02-25,kiamika,265.15,,MELCC,20240301210558
2024-02-25,kipawa,268.04,,MELCC,20240301210558
2024-02-25,lady_evelyn,286.47,,OPG,20240301210558
2024-02-25,mitchinamecus,378.25,,MELCC,20240301210558
2024-02-25,poisson_blanc,197.04,,MELCC,20240301210558
2024-02-25,quinze,261.34,,MELCC,20240301210558
2024-02-25,rapide_7,308.45,,HQ,20240301210558
2024-02-25,timiskaming,176.51,,WSC,20240301210558
2024-02-25,timiskaming_haileybury,176.63,,WSC,20240301210558
2024-02-26,bark_lake,307.02,,OPG,20240301210558
2024-02-26,baskatong,214.88,,HQ,20240301210558
2024-02-26,cabonga,359.22,,HQ,20240301210558
2024-02-26,des_joachims,151.86,,OPG,20240301210558
2024-02-26,dozois,339.27,,HQ,20240301210558
2024-02-26,kiamika,265.13,,MELCC,20240301210558
2024-02-26,kipawa,268.01,,MELCC,20240301210558
2024-02-26,lady_evelyn,286.48,,OPG,20240301210558
2024-02-26,mitchinamecus,378.22,,MELCC,20240301210558
2024-02-26,poisson_blanc,196.91,,MELCC,20240301210558
2024-02-26,quinze,261.32,,MELCC,20240301210558
2024-02-26,rapide_7,308.43,,HQ,20240301210558
2024-02-26,timiskaming,176.47,,WSC,20240301210558
2024-02-26,timiskaming_haileybury,176.59,,WSC,20240301210558
2024-02-27,bark_lake,307.03,,OPG,20240301210558
2024-02-27,baskatong,214.82,,HQ,20240301210558
2024-02-27,cabonga,359.22,,HQ,20240301210558
2024-02-27,des_joachims,151.85,,OPG,20240301210558
2024-02-27,dozois,339.22,,HQ,20240301210558
2024-02-27,kiamika,265.13,,MELCC,20240301210558
2024-02-27,kipawa,268.0,,MELCC,20240301210558
2024-02-27,lady_evelyn,286.47,,OPG,20240301210558
2024-02-27,mitchinamecus,378.21,,MELCC,20240301210558
2024-02-27,poisson_blanc,196.87,,MELCC,20240301210558
2024-02-27,quinze,261.32,,MELCC,20240301210558
2024-02-27,rapide_7,308.43,,HQ,20240301210558
2024-02-27,timiskaming,176.47,,WSC,20240301210558
2024-02-27,timiskaming_haileybury,176.58,,WSC,20240301210558
2024-02-28,bark_lake,307.09,,OPG,20240301210558
2024-02-28,baskatong,214.62,,HQ,20240301210558
2024-02-28,cabonga,359.23,,HQ,20240301210558
2024-02-28,des_joachims,151.93,,OPG,20240301210558
2024-02-28,dozois,339.08,,HQ,20240301210558
2024-02-28,kiamika,265.11,,MELCC,20240301210558
2024-02-28,kipawa,267.96,,MELCC,20240301210558
2024-02-28,lady_evelyn,286.51,,OPG,20240301210558
2024-02-28,mitchinamecus,378.17,,MELCC,20240301210558
2024-02-28,poisson_blanc,196.75,,MELCC,20240301210558
2024-02-28,quinze,261.31,,MELCC,20240301210558
2024-02-28,rapide_7,308.4,,HQ,20240301210558
2024-02-28,timiskaming,176.42,,WSC,20240301210558
2024-02-28,timiskaming_haileybury,176.52,,WSC,20240301210558
2024-02-29,bark_lake,307.14,,OPG,20240301210558
2024-02-29,baskatong,214.46,,HQ,20240301210558
2024-02-29,cabonga,359.25,,HQ,20240301210558
2024-02-29,des_joachims,151.95,,OPG,20240301210558
2024-02-29,dozois,338.95,,HQ,20240301210558
2024-02-29,kiamika,265.1,,MELCC,20240301210558
2024-02-29,kipawa,267.95,,MELCC,20240301210558
2024-02-29,lady_evelyn,286.54,,OPG,20240301210558
2024-02-29,mitchinamecus,378.14,,MELCC,20240301210558
2024-02-29,poisson_blanc,196.69,,MELCC,20240301210558
2024-02-29,quinze,261.31,,MELCC,20240301210558
2024-02-29,rapide_7,308.39,,HQ,20240301210558
2024-02-29,timiskaming,176.38,,WSC,20240301210558
2024-02-29,timiskaming_haileybury,176.49,,WSC,20240301210558
2024-03-01,baskatong,214.29,,HQ,20240301210558
2024-03-01,cabonga,359.25,,HQ,20240301210558
2024-03-01,des_joachims,151.86,,OPG,20240301210558
2024-03-01,dozois,338.83,,HQ,20240301210558
2024-03-01,kiamika,265.09,,MELCC,20240301210558
2024-03-01,kipawa,267.93,,MELCC,20240301210558
2024-03-01,mitchinamecus,378.11,,MELCC,20240301210558
2024-03-01,poisson_blanc,196.59,,MELCC,20240301210558
2024-03-01,quinze,261.31,,MELCC,20240301210558
2024-03-01,rapide_7,308.37,,HQ,20240301210558
2024-03-01,timiskaming,176.35,,WSC,20240301210558
2024-03-01,timiskaming_haileybury,176.47,,WSC,20240301210558
2024-03-25,bark_lake,309.76,,OPG,20240401101355
2024-03-25,baskatong,213.97,,HQ,20240401101355
2024-03-25,cabonga,359.41,,HQ,20240401101355
2024-03-25,des_joachims,150.89,,OPG,20240401101355
2024-03-25,dozois,339.68,,HQ,20240401101355
2024-03-25,kiamika,265.42,,MELCC,20240401101355
2024-03-25,kipawa,268.01,,MELCC,20240401101355
2024-03-25,lady_evelyn,287.29,,OPG,20240401101355
2024-03-25,mitchinamecus,377.47,,MELCC,20240401101355
2024-03-25,poisson_blanc,196.79,,MELCC,20240401101355
2024-03-25,quinze,261.57,,MELCC,20240401101355
2024-03-25,rapide_7,308.41,,HQ,20240401101355
2024-03-25,timiskaming,177.05,,WSC,20240401101355
2024-03-25,timiskaming_haileybury,177.03,,WSC,20240401101355
2024-03-26,bark_lake,309.78,,OPG,20240401101355
2024-03-26,baskatong,213.99,,HQ,20240401101355
2024-03-26,cabonga,359.41,,HQ,20240401101355
2024-03-26,des_joachims,150.95,,OPG,20240401101355
2024-03-26,dozois,339.71,,HQ,20240401101355
2024-03-26,kiamika,265.42,,MELCC,20240401101355
2024-03-26,kipawa,268.01,,MELCC,20240401101355
2024-03-26,lady_evelyn,287.29,,OPG,20240401101355
2024-03-26,mitchinamecus,377.47,,MELCC,20240401101355
2024-03-26,poisson_blanc,196.8,,MELCC,20240401101355
2024-03-26,quinze,261.57,,MELCC,20240401101355
2024-03-26,rapide_7,308.4,,HQ,20240401101355
2024-03-26,timiskaming,177.05,,WSC,20240401101355
2024-03-26,timiskaming_haileybury,177.04,,WSC,20240401101355
2024-03-27,bark_lake,309.86,,OPG,20240401101355
2024-03-27,baskatong,214.05,,HQ,20240401101355
2024-03-27,cabonga,359.42,,HQ,20240401101355
2024-03-27,des_joachims,151.1,,OPG,20240401101355
2024-03-27,dozois,339.79,,HQ,20240401101355
2024-03-27,kiamika,265.45,,MELCC,20240401101355
2024-03-27,kipawa,268.02,,MELCC,20240401101355
2024-03-27,lady_evelyn,287.34,,OPG,20240401101355
2024-03-27,mitchinamecus,377.43,,MELCC,20240401101355
2024-03-27,poisson_blanc,196.85,,MELCC,20240401101355
2024-03-27,quinze,261.57,,MELCC,20240401101355
2024-03-27,rapide_7,308.37,,HQ,20240401101355
2024-03-27,timiskaming,177.13,,WSC,20240401101355
2024-03-27,timiskaming_haileybury,177.13,,WSC,20240401101355
2024-03-28,bark_lake,309.92,,OPG,20240401101355
2024-03-28,baskatong,214.11,,HQ,20240401101355
2024-03-28,cabonga,359.43,,HQ,20240401101355
2024-03-28,des_joachims,151.19,,OPG,20240401101355
2024-03-28,dozois,339.85,,HQ,20240401101355
2024-03-28,kiamika,265.48,,MELCC,20240401101355
2024-03-28,kipawa,268.03,,MELCC,20240401101355
2024-03-28,lady_evelyn,287.37,,OPG,20240401101355
2024-03-28,mitchinamecus,377.41,,MELCC,20240401101355
2024-03-28,poisson_blanc,196.89,,MELCC,20240401101355
2024-03-28,quinze,261.57,,MELCC,20240401101355
2024-03-28,rapide_7,308.35,,HQ,20240401101355
2024-03-28,timiskaming,177.22,,WSC,20240401101355
2024-03-28,timiskaming_haileybury,177.22,,WSC,20240401101355
2024-03-29,bark_lake,309.99,,OPG,20240401101355
2024-03-29,baskatong,214.19,,HQ,20240401101355
2024-03-29,cabonga,359.44,,HQ,20240401101355
2024-03-29,des_joachims,151.28,,OPG,20240401101355
2024-03-29,dozois,339.92,,HQ,20240401101355
2024-03-29,kiamika,265.51,,MELCC,20240401101355
2024-03-29,kipawa,268.04,,MELCC,20240401101355
2024-03-29,lady_evelyn,287.39,,OPG,20240401101355
2024-03-29,mitchinamecus,377.39,,MELCC,20240401101355
2024-03-29,poisson_blanc,196.94,,MELCC,20240401101355
2024-03-29,quinze,261.59,,MELCC,20240401101355
2024-03-29,rapide_7,308.32,,HQ,20240401101355
2024-03-29,timiskaming,177.28,,WSC,20240401101355
2024-03-29,timiskaming_haileybury,177.27,,WSC,20240401101355
2024-03-30,bark_lake,310.05,,OPG,20240401101355
2024-03-30,baskatong,214.26,,HQ,20240401101355
2024-03-30,cabonga,359.44,,HQ,20240401101355
2024-03-30,des_joachims,151.35,,OPG,20240401101355
2024-03-30,dozois,339.98,,HQ,20240401101355
2024-03-30,kiamika,265.54,,MELCC,20240401101355
2024-03-30,kipawa,268.06,,MELCC,20240401101355
2024-03-30,lady_evelyn,287.42,,OPG,20240401101355
2024-03-30,mitchinamecus,377.36,,MELCC,20240401101355
2024-03-30,poisson_blanc,196.98,,MELCC,20240401101355
2024-03-30,quinze,261.61,,MELCC,20240401101355
2024-03-30,rapide_7,308.29,,HQ,20240401101355
2024-03-30,timiskaming,177.32,,WSC,20240401101355
2024-03-30,timiskaming_haileybury,177.3,,WSC,20240401101355
2024-03-31,bark_lake,310.1,,OPG,20240401101355
2024-03-31,baskatong,214.33,,HQ,20240401101355
2024-03-31,cabonga,359.45,,HQ,20240401101355
2024-03-31,des_joachims,151.42,,OPG,20240401101355
2024-03-31,dozois,340.04,,HQ,20240401101355
2024-03-31,kiamika,265.56,,MELCC,20240401101355
2024-03-31,kipawa,268.08,,MELCC,20240401101355
2024-03-31,lady_evelyn,287.44,,OPG,20240401101355
2024-03-31,mitchinamecus,377.34,,MELCC,20240401101355
2024-03-31,poisson_blanc,197.02,,MELCC,20240401101355
2024-03-31,quinze,261.62,,MELCC,20240401101355
2024-03-31,rapide_7,308.26,,HQ,20240401101355
2024-03-31,timiskaming,177.34,,WSC,20240401101355
2024-03-31,timiskaming_haileybury,177.33,,WSC,20240401101355
2024-04-24,bark_lake,313.07,,OPG,20240501090714
2024-04-24,baskatong,219.08,,HQ,20240501090714
2024-04-24,cabonga,359.91,,HQ,20240501090714
2024-04-24,des_joachims,151.19,,OPG,20240501090714
2024-04-24,dozois,343.21,,HQ,20240501090714
2024-04-24,kiamika,266.78,,MELCC,20240501090714
2024-04-24,kipawa,269.39,,MELCC,20240501090714
2024-04-24,lady_evelyn,289.09,,OPG,20240501090714
2024-04-24,mitchinamecus,378.01,,MELCC,20240501090714
2024-04-24,poisson_blanc,200.35,,MELCC,20240501090714
2024-04-24,quinze,263.43,,MELCC,20240501090714
2024-04-24,rapide_7,308.96,,HQ,20240501090714
2024-04-24,timiskaming,179.06,,WSC,20240501090714
2024-04-24,timiskaming_haileybury,179.31,,WSC,20240501090714
2024-04-25,bark_lake,313.15,,OPG,20240501090714
2024-04-25,baskatong,219.21,,HQ,20240501090714
2024-04-25,cabonga,359.92,,HQ,20240501090714
2024-04-25,des_joachims,151.03,,OPG,20240501090714
2024-04-25,dozois,343.33,,HQ,20240501090714
2024-04-25,kiamika,266.81,,MELCC,20240501090714
2024-04-25,kipawa,269.38,,MELCC,20240501090714
2024-04-25,lady_evelyn,289.09,,OPG,20240501090714
2024-04-25,mitchinamecus,378.05,,MELCC,20240501090714
2024-04-25,poisson_blanc,200.45,,MELCC,20240501090714
2024-04-25,quinze,263.4,,MELCC,20240501090714
2024-04-25,rapide_7,308.96,,HQ,20240501090714
2024-04-25,timiskaming,178.97,,WSC,20240501090714
2024-04-25,timiskaming_haileybury,179.28,,WSC,20240501090714
2024-04-26,bark_lake,313.21,,OPG,20240501090714
2024-04-26,baskatong,219.33,,HQ,20240501090714
2024-04-26,cabonga,359.93,,HQ,20240501090714
2024-04-26,des_joachims,151.01,,OPG,20240501090714
2024-04-26,dozois,343.45,,HQ,20240501090714
2024-04-26,kiamika,266.83,,MELCC,20240501090714
2024-04-26,kipawa,269.37,,MELCC,20240501090714
2024-04-26,lady_evelyn,289.08,,OPG,20240501090714
2024-04-26,mitchinamecus,378.09,,MELCC,20240501090714
2024-04-26,poisson_blanc,200.55,,MELCC,20240501090714
2024-04-26,quinze,263.36,,MELCC,20240501090714
2024-04-26,rapide_7,308.96,,HQ,20240501090714
2024-04-26,timiskaming,178.92,,WSC,20240501090714
2024-04-26,timiskaming_haileybury,179.25,,WSC,20240501090714
2024-04-27,bark_lake,313.28,,OPG,20240501090714
2024-04-27,baskatong,219.44,,HQ,20240501090714
2024-04-27,cabonga,359.93,,HQ,20240501090714
2024-04-27,des_joachims,150.99,,OPG,20240501090714
2024-04-27,dozois,343.57,,HQ,20240501090714
2024-04-27,kiamika,266.85,,MELCC,20240501090714
2024-04-27,kipawa,269.36,,MELCC,20240501090714
2024-04-27,lady_evelyn,289.06,,OPG,20240501090714
2024-04-27,mitchinamecus,378.11,,MELCC,20240501090714
2024-04-27,poisson_blanc,200.63,,MELCC,20240501090714
2024-04-27,quinze,263.29,,MELCC,20240501090714
2024-04-27,rapide_7,308.96,,HQ,20240501090714
2024-04-27,timiskaming,178.87,,WSC,20240501090714
2024-04-27,timiskaming_haileybury,179.22,,WSC,20240501090714
2024-04-28,bark_lake,313.35,,OPG,20240501090714
2024-04-28,baskatong,219.56,,HQ,20240501090714
2024-04-28,cabonga,359.96,,HQ,20240501090714
2024-04-28,des_joachims,150.99,,OPG,20240501090714
2024-04-28,dozois,343.65,,HQ,20240501090714
2024-04-28,kiamika,266.88,,MELCC,20240501090714
2024-04-28,kipawa,269.35,,MELCC,20240501090714
2024-04-28,lady_evelyn,289.06,,OPG,20240501090714
2024-04-28,mitchinamecus,378.16,,MELCC,20240501090714
2024-04-28,poisson_blanc,200.7,,MELCC,20240501090714
2024-04-28,quinze,263.24,,MELCC,20240501090714
2024-04-28,rapide_7,308.94,,HQ,20240501090714
2024-04-28,timiskaming,178.87,,WSC,20240501090714
2024-04-28,timiskaming_haileybury,179.17,,WSC,20240501090714
2024-04-29,bark_lake,313.42,,OPG,20240501090714
2024-04-29,baskatong,219.65,,HQ,20240501090714
2024-04-29,cabonga,359.97,,HQ,20240501090714
2024-04-29,des_joachims,150.99,,OPG,20240501090714
2024-04-29,dozois,343.77,,HQ,20240501090714
2024-04-29,kiamika,266.9,,MELCC,20240501090714
2024-04-29,kipawa,269.36,,MELCC,20240501090714
2024-04-29,lady_evelyn,289.08,,OPG,20240501090714
2024-04-29,mitchinamecus,378.19,,MELCC,20240501090714
2024-04-29,poisson_blanc,200.77,,MELCC,20240501090714
2024-04-29,quinze,263.24,,MELCC,20240501090714
2024-04-29,rapide_7,308.94,,HQ,20240501090714
2024-04-29,timiskaming,178.91,,WSC,20240501090714
2024-04-29,timiskaming_haileybury,179.15,,WSC,20240501090714
2024-04-30,bark_lake,313.43,,OPG,20240501090714
2024-04-30,baskatong,219.69,,HQ,20240501090714
2024-04-30,cabonga,359.97,,HQ,20240501090714
2024-04-30,des_joachims,150.98,,OPG,20240501090714
2024-04-30,dozois,343.8,,HQ,20240501090714
2024-04-30,kiamika,266.9,,MELCC,20240501090714
2024-04-30,kipawa,269.36,,MELCC,20240501090714
2024-04-30,lady_evelyn,289.08,,OPG,20240501090714
2024-04-30,mitchinamecus,378.2,,MELCC,20240501090714
2024-04-30,poisson_blanc,200.78,,MELCC,20240501090714
2024-04-30,quinze,263.25,,MELCC,20240501090714
2024-04-30,rapide_7,308.93,,HQ,20240501090714
2024-04-30,timiskaming,178.88,,WSC,20240501090714
2024-04-30,timiskaming_haileybury,179.13,,WSC,20240501090714
2024-05-01,des_joachims,151.0,,OPG,20240501090714
2024-05-01,timiskaming,178.9,,WSC,20240501090714
2024-05-01,timiskaming_haileybury,179.08,,WSC,20240501090714
2024-05-08,bark_lake,313.74,,OPG,20240515190712
2024-05-08,baskatong,220.41,,HQ,20240515190712
2024-05-08,cabonga,360.06,,HQ,20240515190712
2024-05-08,des_joachims,151.02,,OPG,20240515190712
2024-05-08,dozois,344.28,,HQ,20240515190712
2024-05-08,kiamika,267.05,,MELCC,20240515190712
2024-05-08,kipawa,269.49,,MELCC,20240515190712
2024-05-08,lady_evelyn,289.07,,OPG,20240515190712
2024-05-08,mitchinamecus,378.43,,MELCC,20240515190712
2024-05-08,poisson_blanc,201.18,,MELCC,20240515190712
2024-05-08,quinze,263.4,,MELCC,20240515190712
2024-05-08,rapide_7,309.02,,HQ,20240515190712
2024-05-08,timiskaming,178.91,,WSC,20240515190712
2024-05-08,timiskaming_haileybury,179.01,,WSC,20240515190712
2024-05-09,bark_lake,313.76,,OPG,20240515190712
2024-05-09,baskatong,220.47,,HQ,20240515190712
2024-05-09,cabonga,360.07,,HQ,20240515190712
2024-05-09,des_joachims,151.01,,OPG,20240515190712
2024-05-09,dozois,344.33,,HQ,20240515190712
2024-05-09,kiamika,267.07,,MELCC,20240515190712
2024-05-09,kipawa,269.49,,MELCC,20240515190712
2024-05-09,lady_evelyn,289.06,,OPG,20240515190712
2024-05-09,mitchinamecus,378.45,,MELCC,20240515190712
2024-05-09,poisson_blanc,201.21,,MELCC,20240515190712
2024-05-09,quinze,263.39,,MELCC,20240515190712
2024-05-09,rapide_7,309.03,,HQ,20240515190712
2024-05-09,timiskaming,178.86,,WSC,20240515190712
2024-05-09,timiskaming_haileybury,178.97,,WSC,20240515190712
2024-05-10,bark_lake,313.79,,OPG,20240515190712
2024-05-10,baskatong,220.52,,HQ,20240515190712
2024-05-10,cabonga,360.07,,HQ,20240515190712
2024-05-10,des_joachims,151.11,,OPG,20240515190712
2024-05-10,dozois,344.37,,HQ,20240515190712
2024-05-10,kiamika,267.08,,MELCC,20240515190712
2024-05-10,kipawa,269.49,,MELCC,20240515190712
2024-05-10,lady_evelyn,289.04,,OPG,20240515190712
2024-05-10,mitchinamecus,378.46,,MELCC,20240515190712
2024-05-10,poisson_blanc,201.23,,MELCC,20240515190712
2024-05-10,quinze,263.39,,MELCC,20240515190712
2024-05-10,rapide_7,309.03,,HQ,20240515190712
2024-05-10,timiskaming,178.87,,WSC,20240515190712
2024-05-10,timiskaming_haileybury,178.95,,WSC,20240515190712
2024-05-11,bark_lake,313.82,,OPG,20240515190712
2024-05-11,baskatong,220.58,,HQ,20240515190712
2024-05-11,cabonga,360.07,,HQ,20240515190712
2024-05-11,des_joachims,151.3,,OPG,20240515190712
2024-05-11,dozois,344.4,,HQ,20240515190712
2024-05-11,kiamika,267.09,,MELCC,20240515190712
2024-05-11,kipawa,269.5,,MELCC,20240515190712
2024-05-11,lady_evelyn,289.01,,OPG,20240515190712
2024-05-11,mitchinamecus,378.47,,MELCC,20240515190712
2024-05-11,poisson_blanc,201.25,,MELCC,20240515190712
2024-05-11,quinze,263.39,,MELCC,20240515190712
2024-05-11,rapide_7,309.03,,HQ,20240515190712
2024-05-11,timiskaming,178.84,,WSC,20240515190712
2024-05-11,timiskaming_haileybury,178.9,,WSC,20240515190712
2024-05-12,bark_lake,313.84,,OPG,20240515190712
2024-05-12,baskatong,220.61,,HQ,20240515190712
2024-05-12,cabonga,360.08,,HQ,20240515190712
2024-05-12,des_joachims,151.4,,OPG,20240515190712
2024-05-12,dozois,344.44,,HQ,20240515190712
2024-05-12,kiamika,267.09,,MELCC,20240515190712
2024-05-12,kipawa,269.5,,MELCC,20240515190712
2024-05-12,lady_evelyn,289.0,,OPG,20240515190712
2024-05-12,mitchinamecus,378.47,,MELCC,20240515190712
2024-05-12,poisson_blanc,201.27,,MELCC,20240515190712
2024-05-12,quinze,263.36,,MELCC,20240515190712
2024-05-12,rapide_7,309.02,,HQ,20240515190712
2024-05-12,timiskaming,178.8,,WSC,20240515190712
2024-05-12,timiskaming_haileybury,178.88,,WSC,20240515190712
2024-05-13,bark_lake,313.86,,OPG,20240515190712
2024-05-13,baskatong,220.67,,HQ,20240515190712
2024-05-13,cabonga,360.09,,HQ,20240515190712
2024-05-13,des_joachims,151.36,,OPG,20240515190712
2024-05-13,dozois,344.47,,HQ,20240515190712
2024-05-13,kiamika,267.11,,MELCC,20240515190712
2024-05-13,kipawa,269.5,,MELCC,20240515190712
2024-05-13,lady_evelyn,289.0,,OPG,20240515190712
2024-05-13,mitchinamecus,378.48,,MELCC,20240515190712
2024-05-13,poisson_blanc,201.28,,MELCC,20240515190712
2024-05-13,quinze,263.38,,MELCC,20240515190712
2024-05-13,rapide_7,309.02,,HQ,20240515190712
2024-05-13,timiskaming,178.88,,WSC,20240515190712
2024-05-13,timiskaming_haileybury,178.87,,WSC,20240515190712
2024-05-14,bark_lake,313.88,,OPG,20240515190712
2024-05-14,baskatong,220.67,,HQ,20240515190712
2024-05-14,cabonga,360.11,,HQ,20240515190712
2024-05-14,des_joachims,151.38,,OPG,20240515190712
2024-05-14,dozois,344.46,,HQ,20240515190712
2024-05-14,kiamika,267.11,,MELCC,20240515190712
2024-05-14,kipawa,269.51,,MELCC,20240515190712
2024-05-14,lady_evelyn,289.01,,OPG,20240515190712
2024-05-14,mitchinamecus,378.5,,MELCC,20240515190712
2024-05-14,poisson_blanc,201.28,,MELCC,20240515190712
2024-05-14,quinze,263.37,,MELCC,20240515190712
2024-05-14,rapide_7,309.02,,HQ,20240515190712
2024-05-14,timiskaming,178.86,,WSC,20240515190712
2024-05-14,timiskaming_haileybury,178.85,,WSC,20240515190712
2024-05-15,baskatong,220.72,,HQ,20240515190712
2024-05-15,cabonga,360.11,,HQ,20240515190712
2024-05-15,des_joachims,151.48,,OPG,20240515190712
2024-05-15,dozois,344.5,,HQ,20240515190712
2024-05-15,kiamika,267.12,,MELCC,20240515190712
2024-05-15,kipawa,269.46,,MELCC,20240515190712
2024-05-15,mitchinamecus,378.52,,MELCC,20240515190712
2024-05-15,poisson_blanc,201.3,,MELCC,20240515190712
2024-05-15,quinze,263.36,,MELCC,20240515190712
2024-05-15,rapide_7,309.02,,HQ,20240515190712
2024-05-15,timiskaming,178.91,,WSC,20240515190712
2024-05-15,timiskaming_haileybury,178.88,,WSC,20240515190712
2024-05-25,bark_lake,313.86,,OPG,20240601084542
2024-05-25,baskatong,220.95,,HQ,20240601084542
2024-05-25,cabonga,360.16,,HQ,20240601084542
2024-05-25,des_joachims,152.03,,OPG,20240601084542
2024-05-25,dozois,344.66,,HQ,20240601084542
2024-05-25,kiamika,267.18,,MELCC,20240601084542
2024-05-25,kipawa,269.45,,MELCC,20240601084542
2024-05-25,lady_evelyn,289.1,,OPG,20240601084542
2024-05-25,mitchinamecus,378.57,,MELCC,20240601084542
2024-05-25,poisson_blanc,201.27,,MELCC,20240601084542
2024-05-25,quinze,263.23,,MELCC,20240601084542
2024-05-25,rapide_7,309.06,,HQ,20240601084542
2024-05-25,timiskaming,179.05,,WSC,20240601084542
2024-05-25,timiskaming_haileybury,179.0,,WSC,20240601084542
2024-05-26,bark_lake,313.86,,OPG,20240601084542
2024-05-26,baskatong,220.97,,HQ,20240601084542
2024-05-26,cabonga,360.16,,HQ,20240601084542
2024-05-26,des_joachims,152.04,,OPG,20240601084542
2024-05-26,dozois,344.67,,HQ,20240601084542
2024-05-26,kiamika,267.19,,MELCC,20240601084542
2024-05-26,kipawa,269.45,,MELCC,20240601084542
2024-05-26,lady_evelyn,289.1,,OPG,20240601084542
2024-05-26,mitchinamecus,378.57,,MELCC,20240601084542
2024-05-26,poisson_blanc,201.26,,MELCC,20240601084542
2024-05-26,quinze,263.22,,MELCC,20240601084542
2024-05-26,rapide_7,309.07,,HQ,20240601084542
2024-05-26,timiskaming,179.02,,WSC,20240601084542
2024-05-26,timiskaming_haileybury,178.98,,WSC,20240601084542
2024-05-27,bark_lake,313.9,,OPG,20240601084542
2024-05-27,baskatong,220.98,,HQ,20240601084542
2024-05-27,cabonga,360.19,,HQ,20240601084542
2024-05-27,des_joachims,152.05,,OPG,20240601084542
2024-05-27,dozois,344.73,,HQ,20240601084542
2024-05-27,kiamika,267.22,,MELCC,20240601084542
2024-05-27,kipawa,269.48,,MELCC,20240601084542
2024-05-27,lady_evelyn,289.13,,OPG,20240601084542
2024-05-27,mitchinamecus,378.58,,MELCC,20240601084542
2024-05-27,poisson_blanc,201.27,,MELCC,20240601084542
2024-05-27,quinze,263.19,,MELCC,20240601084542
2024-05-27,rapide_7,309.08,,HQ,20240601084542
2024-05-27,timiskaming,179.04,,WSC,20240601084542
2024-05-27,timiskaming_haileybury,178.97,,WSC,20240601084542
2024-05-28,bark_lake,313.91,,OPG,20240601084542
2024-05-28,baskatong,220.96,,HQ,20240601084542
2024-05-28,cabonga,360.22,,HQ,20240601084542
2024-05-28,des_joachims,152.12,,OPG,20240601084542
2024-05-28,dozois,344.71,,HQ,20240601084542
2024-05-28,kiamika,267.23,,MELCC,20240601084542
2024-05-28,kipawa,269.48,,MELCC,20240601084542
2024-05-28,lady_evelyn,289.13,,OPG,20240601084542
2024-05-28,mitchinamecus,378.57,,MELCC,20240601084542
2024-05-28,poisson_blanc,201.26,,MELCC,20240601084542
2024-05-28,quinze,263.2,,MELCC,20240601084542
2024-05-28,rapide_7,309.07,,HQ,20240601084542
2024-05-28,timiskaming,179.04,,WSC,20240601084542
2024-05-28,timiskaming_haileybury,178.96,,WSC,20240601084542
2024-05-29,bark_lake,313.89,,OPG,20240601084542
2024-05-29,baskatong,221.0,,HQ,20240601084542
2024-05-29,cabonga,360.22,,HQ,20240601084542
2024-05-29,des_joachims,152.15,,OPG,20240601084542
2024-05-29,dozois,344.76,,HQ,20240601084542
2024-05-29,kiamika,267.27,,MELCC,20240601084542
2024-05-29,kipawa,269.43,,MELCC,20240601084542
2024-05-29,lady_evelyn,289.13,,OPG,20240601084542
2024-05-29,mitchinamecus,378.64,,MELCC,20240601084542
2024-05-29,poisson_blanc,201.27,,MELCC,20240601084542
2024-05-29,quinze,263.25,,MELCC,20240601084542
2024-05-29,rapide_7,309.1,,HQ,20240601084542
2024-05-29,timiskaming,179.07,,WSC,20240601084542
2024-05-29,timiskaming_haileybury,178.98,,WSC,20240601084542
2024-05-30,bark_lake,313.86,,OPG,20240601084542
2024-05-30,baskatong,221.0,,HQ,20240601084542
2024-05-30,cabonga,360.23,,HQ,20240601084542
2024-05-30,des_joachims,152.18,,OPG,20240601084542
2024-05-30,dozois,344.8,,HQ,20240601084542
2024-05-30,kiamika,267.29,,MELCC,20240601084542
2024-05-30,kipawa,269.44,,MELCC,20240601084542
2024-05-30,lady_evelyn,289.13,,OPG,20240601084542
2024-05-30,mitchinamecus,378.66,,MELCC,20240601084542
2024-05-30,poisson_blanc,201.27,,MELCC,20240601084542
2024-05-30,quinze,263.29,,MELCC,20240601084542
2024-05-30,rapide_7,309.1,,HQ,20240601084542
2024-05-30,timiskaming,179.07,,WSC,20240601084542
2024-05-30,timiskaming_haileybury,179.0,,WSC,20240601084542
2024-05-31,bark_lake,313.84,,OPG,20240601084542
2024-05-31,baskatong,221.01,,HQ,20240601084542
2024-05-31,cabonga,360.23,,HQ,20240601084542
2024-05-31,des_joachims,152.13,,OPG,20240601084542
2024-05-31,dozois,344.83,,HQ,20240601084542
2024-05-31,kiamika,267.3,,MELCC,20240601084542
2024-05-31,kipawa,269.45,,MELCC,20240601084542
2024-05-31,lady_evelyn,289.14,,OPG,20240601084542
2024-05-31,mitchinamecus,378.66,,MELCC,20240601084542
2024-05-31,poisson_blanc,201.28,,MELCC,20240601084542
2024-05-31,quinze,263.31,,MELCC,20240601084542
2024-05-31,rapide_7,309.11,,HQ,20240601084542
2024-05-31,timiskaming,179.05,,WSC,20240601084542
2024-05-31,timiskaming_haileybury,179.0,,WSC,20240601084542
2024-06-24,bark_lake,313.88,,OPG,20240701192944
2024-06-24,baskatong,221.43,,HQ,20240701192944
2024-06-24,cabonga,360.4,,HQ,20240701192944
2024-06-24,des_joachims,152.1,,OPG,20240701192944
2024-06-24,dozois,345.56,,HQ,20240701192944
2024-06-24,kiamika,268.1,,MELCC,20240701192944
2024-06-24,kipawa,269.52,,MELCC,20240701192944
2024-06-24,lady_evelyn,289.15,,OPG,20240701192944
2024-06-24,mitchinamecus,379.26,,MELCC,20240701192944
2024-06-24,poisson_blanc,201.31,,MELCC,20240701192944
2024-06-24,quinze,263.27,,MELCC,20240701192944
2024-06-24,rapide_7,309.04,,HQ,20240701192944
2024-06-24,timiskaming,179.26,,WSC,20240701192944
2024-06-24,timiskaming_haileybury,179.24,,WSC,20240701192944
2024-06-25,bark_lake,313.86,,OPG,20240701192944
2024-06-25,baskatong,221.48,,HQ,20240701192944
2024-06-25,cabonga,360.4,,HQ,20240701192944
2024-06-25,des_joachims,152.01,,OPG,20240701192944
2024-06-25,dozois,345.58,,HQ,20240701192944
2024-06-25,kiamika,268.16,,MELCC,20240701192944
2024-06-25,kipawa,269.51,,MELCC,20240701192944
2024-06-25,lady_evelyn,289.16,,OPG,20240701192944
2024-06-25,mitchinamecus,379.27,,MELCC,20240701192944
2024-06-25,poisson_blanc,201.38,,MELCC,20240701192944
2024-06-25,quinze,263.27,,MELCC,20240701192944
2024-06-25,rapide_7,309.05,,HQ,20240701192944
2024-06-25,timiskaming,179.26,,WSC,20240701192944
2024-06-25,timiskaming_haileybury,179.22,,WSC,20240701192944
2024-06-26,bark_lake,313.86,,OPG,20240701192944
2024-06-26,baskatong,221.51,,HQ,20240701192944
2024-06-26,cabonga,360.4,,HQ,20240701192944
2024-06-26,des_joachims,152.12,,OPG,20240701192944
2024-06-26,dozois,345.55,,HQ,20240701192944
2024-06-26,kiamika,268.19,,MELCC,20240701192944
2024-06-26,kipawa,269.52,,MELCC,20240701192944
2024-06-26,lady_evelyn,289.13,,OPG,20240701192944
2024-06-26,mitchinamecus,379.29,,MELCC,20240701192944
2024-06-26,poisson_blanc,201.45,,MELCC,20240701192944
2024-06-26,quinze,263.29,,MELCC,20240701192944
2024-06-26,rapide_7,309.07,,HQ,20240701192944
2024-06-26,timiskaming,179.25,,WSC,20240701192944
2024-06-26,timiskaming_haileybury,179.18,,WSC,20240701192944
2024-06-27,bark_lake,313.84,,OPG,20240701192944
2024-06-27,baskatong,221.5,,HQ,20240701192944
2024-06-27,cabonga,360.39,,HQ,20240701192944
2024-06-27,des_joachims,152.13,,OPG,20240701192944
2024-06-27,dozois,345.54,,HQ,20240701192944
2024-06-27,kiamika,268.19,,MELCC,20240701192944
2024-06-27,kipawa,269.52,,MELCC,20240701192944
2024-06-27,lady_evelyn,289.12,,OPG,20240701192944
2024-06-27,mitchinamecus,379.29,,MELCC,20240701192944
2024-06-27,poisson_blanc,201.5,,MELCC,20240701192944
2024-06-27,quinze,263.29,,MELCC,20240701192944
2024-06-27,rapide_7,309.08,,HQ,20240701192944
2024-06-27,timiskaming,179.21,,WSC,20240701192944
2024-06-27,timiskaming_haileybury,179.15,,WSC,20240701192944
2024-06-28,bark_lake,313.83,,OPG,20240701192944
2024-06-28,baskatong,221.49,,HQ,20240701192944
2024-06-28,cabonga,360.39,,HQ,20240701192944
2024-06-28,des_joachims,152.13,,OPG,20240701192944
2024-06-28,dozois,345.53,,HQ,20240701192944
2024-06-28,kiamika,268.2,,MELCC,20240701192944
2024-06-28,kipawa,269.53,,MELCC,20240701192944
2024-06-28,lady_evelyn,289.12,,OPG,20240701192944
2024-06-28,mitchinamecus,379.29,,MELCC,20240701192944
2024-06-28,poisson_blanc,201.5,,MELCC,20240701192944
2024-06-28,quinze,263.28,,MELCC,20240701192944
2024-06-28,rapide_7,309.07,,HQ,20240701192944
2024-06-28,timiskaming,179.2,,WSC,20240701192944
2024-06-28,timiskaming_haileybury,179.14,,WSC,20240701192944
2024-06-29,bark_lake,313.85,,OPG,20240701192944
2024-06-29,baskatong,221.47,,HQ,20240701192944
2024-06-29,cabonga,360.39,,HQ,20240701192944
2024-06-29,des_joachims,152.16,,OPG,20240701192944
2024-06-29,dozois,345.52,,HQ,20240701192944
2024-06-29,kiamika,268.18,,MELCC,20240701192944
2024-06-29,kipawa,269.51,,MELCC,20240701192944
2024-06-29,lady_evelyn,289.13,,OPG,20240701192944
2024-06-29,mitchinamecus,379.29,,MELCC,20240701192944
2024-06-29,poisson_blanc,201.51,,MELCC,20240701192944
2024-06-29,quinze,263.28,,MELCC,20240701192944
2024-06-29,rapide_7,309.07,,HQ,20240701192944
2024-06-29,timiskaming,179.2,,WSC,20240701192944
2024-06-29,timiskaming_haileybury,179.17,,WSC,20240701192944
2024-06-30,bark_lake,313.86,,OPG,20240701192944
2024-06-30,baskatong,221.44,,HQ,20240701192944
2024-06-30,cabonga,360.42,,HQ,20240701192944
2024-06-30,des_joachims,152.2,,OPG,20240701192944
2024-06-30,dozois,345.5,,HQ,20240701192944
2024-06-30,kiamika,268.18,,MELCC,20240701192944
2024-06-30,kipawa,269.52,,MELCC,20240701192944
2024-06-30,lady_evelyn,289.15,,OPG,20240701192944
2024-06-30,mitchinamecus,379.33,,MELCC,20240701192944
2024-06-30,poisson_blanc,201.49,,MELCC,20240701192944
2024-06-30,quinze,263.3,,MELCC,20240701192944
2024-06-30,rapide_7,309.08,,HQ,20240701192944
2024-06-30,timiskaming,179.29,,WSC,20240701192944
2024-06-30,timiskaming_haileybury,179.18,,WSC,20240701192944
2024-07-01,baskatong,221.42,,HQ,20240701192944
2024-07-01,cabonga,360.41,,HQ,20240701192944
2024-07-01,des_joachims,152.19,,OPG,20240701192944
2024-07-01,dozois,345.5,,HQ,20240701192944
2024-07-01,kiamika,268.17,,MELCC,20240701192944
2024-07-01,kipawa,269.53,,MELCC,20240701192944
2024-07-01,mitchinamecus,379.34,,MELCC,20240701192944
2024-07-01,poisson_blanc,201.46,,MELCC,20240701192944
2024-07-01,quinze,263.32,,MELCC,20240701192944
2024-07-01,rapide_7,309.1,,HQ,20240701192944
2024-07-01,timiskaming,179.28,,WSC,20240701192944
2024-07-01,timiskaming_haileybury,179.22,,WSC,20240701192944
2024-07-25,bark_lake,313.71,,OPG,20240801101118
2024-07-25,baskatong,221.46,,HQ,20240801101118
2024-07-25,cabonga,360.37,,HQ,20240801101118
2024-07-25,des_joachims,152.12,,OPG,20240801101118
2024-07-25,dozois,345.24,,HQ,20240801101118
2024-07-25,kiamika,267.95,,MELCC,20240801101118
2024-07-25,kipawa,269.67,,MELCC,20240801101118
2024-07-25,lady_evelyn,289.06,,OPG,20240801101118
2024-07-25,mitchinamecus,379.6,,MELCC,20240801101118
2024-07-25,poisson_blanc,200.53,,MELCC,20240801101118
2024-07-25,quinze,263.22,,MELCC,20240801101118
2024-07-25,rapide_7,309.22,,HQ,20240801101118
2024-07-25,timiskaming,179.25,,WSC,20240801101118
2024-07-25,timiskaming_haileybury,179.17,,WSC,20240801101118
2024-07-26,bark_lake,313.73,,OPG,20240801101118
2024-07-26,baskatong,221.47,,HQ,20240801101118
2024-07-26,cabonga,360.36,,HQ,20240801101118
2024-07-26,des_joachims,152.11,,OPG,20240801101118
2024-07-26,dozois,345.24,,HQ,20240801101118
2024-07-26,kiamika,267.94,,MELCC,20240801101118
2024-07-26,kipawa,269.65,,MELCC,20240801101118
2024-07-26,lady_evelyn,289.06,,OPG,20240801101118
2024-07-26,mitchinamecus,379.6,,MELCC,20240801101118
2024-07-26,poisson_blanc,200.5,,MELCC,20240801101118
2024-07-26,quinze,263.25,,MELCC,20240801101118
2024-07-26,rapide_7,309.22,,HQ,20240801101118
2024-07-26,timiskaming,179.24,,WSC,20240801101118
2024-07-26,timiskaming_haileybury,179.18,,WSC,20240801101118
2024-07-27,bark_lake,313.74,,OPG,20240801101118
2024-07-27,baskatong,221.47,,HQ,20240801101118
2024-07-27,cabonga,360.36,,HQ,20240801101118
2024-07-27,des_joachims,152.08,,OPG,20240801101118
2024-07-27,dozois,345.23,,HQ,20240801101118
2024-07-27,kiamika,267.92,,MELCC,20240801101118
2024-07-27,kipawa,269.65,,MELCC,20240801101118
2024-07-27,lady_evelyn,289.06,,OPG,20240801101118
2024-07-27,mitchinamecus,379.6,,MELCC,20240801101118
2024-07-27,poisson_blanc,200.47,,MELCC,20240801101118
2024-07-27,quinze,263.26,,MELCC,20240801101118
2024-07-27,rapide_7,309.2,,HQ,20240801101118
2024-07-27,timiskaming,179.24,,WSC,20240801101118
2024-07-27,timiskaming_haileybury,179.2,,WSC,20240801101118
2024-07-28,bark_lake,313.76,,OPG,20240801101118
2024-07-28,baskatong,221.48,,HQ,20240801101118
2024-07-28,cabonga,360.35,,HQ,20240801101118
2024-07-28,des_joachims,152.07,,OPG,20240801101118
2024-07-28,dozois,345.22,,HQ,20240801101118
2024-07-28,kiamika,267.91,,MELCC,20240801101118
2024-07-28,kipawa,269.64,,MELCC,20240801101118
2024-07-28,lady_evelyn,289.05,,OPG,20240801101118
2024-07-28,mitchinamecus,379.6,,MELCC,20240801101118
2024-07-28,poisson_blanc,200.45,,MELCC,20240801101118
2024-07-28,quinze,263.28,,MELCC,20240801101118
2024-07-28,rapide_7,309.19,,HQ,20240801101118
2024-07-28,timiskaming,179.26,,WSC,20240801101118
2024-07-28,timiskaming_haileybury,179.22,,WSC,20240801101118
2024-07-29,bark_lake,313.75,,OPG,20240801101118
2024-07-29,baskatong,221.48,,HQ,20240801101118
2024-07-29,cabonga,360.34,,HQ,20240801101118
2024-07-29,des_joachims,152.08,,OPG,20240801101118
2024-07-29,dozois,345.21,,HQ,20240801101118
2024-07-29,kiamika,267.9,,MELCC,20240801101118
2024-07-29,kipawa,269.63,,MELCC,20240801101118
2024-07-29,lady_evelyn,289.04,,OPG,20240801101118
2024-07-29,mitchinamecus,379.59,,MELCC,20240801101118
2024-07-29,poisson_blanc,200.44,,MELCC,20240801101118
2024-07-29,quinze,263.3,,MELCC,20240801101118
2024-07-29,rapide_7,309.18,,HQ,20240801101118
2024-07-29,timiskaming,179.3,,WSC,20240801101118
2024-07-29,timiskaming_haileybury,179.25,,WSC,20240801101118
2024-07-30,bark_lake,313.76,,OPG,20240801101118
2024-07-30,baskatong,221.48,,HQ,20240801101118
2024-07-30,cabonga,360.34,,HQ,20240801101118
2024-07-30,des_joachims,152.02,,OPG,20240801101118
2024-07-30,dozois,345.2,,HQ,20240801101118
2024-07-30,kiamika,267.9,,MELCC,20240801101118
2024-07-30,kipawa,269.62,,MELCC,20240801101118
2024-07-30,lady_evelyn,289.04,,OPG,20240801101118
2024-07-30,mitchinamecus,379.59,,MELCC,20240801101118
2024-07-30,poisson_blanc,200.44,,MELCC,20240801101118
2024-07-30,quinze,263.3,,MELCC,20240801101118
2024-07-30,rapide_7,309.19,,HQ,20240801101118
2024-07-30,timiskaming,179.31,,WSC,20240801101118
2024-07-30,timiskaming_haileybury,179.25,,WSC,20240801101118
2024-07-31,bark_lake,313.76,,OPG,20240801101118
2024-07-31,baskatong,221.47,,HQ,20240801101118
2024-07-31,cabonga,360.34,,HQ,20240801101118
2024-07-31,des_joachims,152.05,,OPG,20240801101118
2024-07-31,dozois,345.19,,HQ,20240801101118
2024-07-31,kiamika,267.92,,MELCC,20240801101118
2024-07-31,kipawa,269.6,,MELCC,20240801101118
2024-07-31,lady_evelyn,289.05,,OPG,20240801101118
2024-07-31,mitchinamecus,379.6,,MELCC,20240801101118
2024-07-31,poisson_blanc,200.44,,MELCC,20240801101118
2024-07-31,quinze,263.31,,MELCC,20240801101118
2024-07-31,rapide_7,309.19,,HQ,20240801101118
2024-07-31,timiskaming,179.32,,WSC,20240801101118
2024-07-31,timiskaming_haileybury,179.25,,WSC,20240801101118
2024-08-01,baskatong,221.47,,HQ,20240801101118
2024-08-01,cabonga,360.35,,HQ,20240801101118
2024-08-01,des_joachims,152.04,,OPG,20240801101118
2024-08-01,dozois,345.18,,HQ,20240801101118
2024-08-01,kiamika,267.93,,MELCC,20240801101118
2024-08-01,kipawa,269.59,,MELCC,20240801101118
2024-08-01,mitchinamecus,379.61,,MELCC,20240801101118
2024-08-01,poisson_blanc,200.44,,MELCC,20240801101118
2024-08-01,quinze,263.32,,MELCC,20240801101118
2024-08-01,rapide_7,309.19,,HQ,20240801101118
2024-08-01,timiskaming,179.31,,WSC,20240801101118
2024-08-01,timiskaming_haileybury,179.25,,WSC,20240801101118
2024-09-17,bark_lake,313.8,,OPG,20240924104027
2024-09-17,baskatong,221.68,,HQ,20240924104027
2024-09-17,cabonga,360.21,,HQ,20240924104027
2024-09-17,des_joachims,152.07,,OPG,20240924104027
2024-09-17,dozois,345.14,,HQ,20240924104027
2024-09-17,kiamika,268.11,,MELCC,20240924104027
2024-09-17,kipawa,269.4,,MELCC,20240924104027
2024-09-17,lady_evelyn,289.11,,OPG,20240924104027
2024-09-17,mitchinamecus,380.25,,MELCC,20240924104027
2024-09-17,poisson_blanc,200.17,,MELCC,20240924104027
2024-09-17,quinze,263.23,,MELCC,20240924104027
2024-09-17,rapide_7,309.2,,HQ,20240924104027
2024-09-17,timiskaming,179.17,,WSC,20240924104027
2024-09-17,timiskaming_haileybury,179.16,,WSC,20240924104027
2024-09-18,bark_lake,313.81,,OPG,20240924104027
2024-09-18,baskatong,221.65,,HQ,20240924104027
2024-09-18,cabonga,360.2,,HQ,20240924104027
2024-09-18,des_joachims,152.01,,OPG,20240924104027
2024-09-18,dozois,345.13,,HQ,20240924104027
2024-09-18,kiamika,268.09,,MELCC,20240924104027
2024-09-18,kipawa,269.35,,MELCC,20240924104027
2024-09-18,lady_evelyn,289.1,,OPG,20240924104027
2024-09-18,mitchinamecus,380.26,,MELCC,20240924104027
2024-09-18,poisson_blanc,200.06,,MELCC,20240924104027
2024-09-18,quinze,263.22,,MELCC,20240924104027
2024-09-18,rapide_7,309.19,,HQ,20240924104027
2024-09-18,timiskaming,179.18,,WSC,20240924104027
2024-09-18,timiskaming_haileybury,179.15,,WSC,20240924104027
2024-09-19,bark_lake,313.81,,OPG,20240924104027
2024-09-19,baskatong,221.61,,HQ,20240924104027
2024-09-19,cabonga,360.2,,HQ,20240924104027
2024-09-19,des_joachims,152.07,,OPG,20240924104027
2024-09-19,dozois,345.12,,HQ,20240924104027
2024-09-19,kiamika,268.08,,MELCC,20240924104027
2024-09-19,kipawa,269.34,,MELCC,20240924104027
2024-09-19,lady_evelyn,289.1,,OPG,20240924104027
2024-09-19,mitchinamecus,380.27,,MELCC,20240924104027
2024-09-19,poisson_blanc,199.97,,MELCC,20240924104027
2024-09-19,quinze,263.21,,MELCC,20240924104027
2024-09-19,rapide_7,309.18,,HQ,20240924104027
2024-09-19,timiskaming,179.18,,WSC,20240924104027
2024-09-19,timiskaming_haileybury,179.15,,WSC,20240924104027
2024-09-20,bark_lake,313.81,,OPG,20240924104027
2024-09-20,baskatong,221.57,,HQ,20240924104027
2024-09-20,cabonga,360.19,,HQ,20240924104027
2024-09-20,des_joachims,152.07,,OPG,20240924104027
2024-09-20,dozois,345.11,,HQ,20240924104027
2024-09-20,kiamika,268.06,,MELCC,20240924104027
2024-09-20,kipawa,269.33,,MELCC,20240924104027
2024-09-20,lady_evelyn,289.1,,OPG,20240924104027
2024-09-20,mitchinamecus,380.27,,MELCC,20240924104027
2024-09-20,poisson_blanc,199.88,,MELCC,20240924104027
2024-09-20,quinze,263.2,,MELCC,20240924104027
2024-09-20,rapide_7,309.17,,HQ,20240924104027
2024-09-20,timiskaming,179.18,,WSC,20240924104027
2024-09-20,timiskaming_haileybury,179.15,,WSC,20240924104027
2024-09-21,bark_lake,313.8,,OPG,20240924104027
2024-09-21,baskatong,221.53,,HQ,20240924104027
2024-09-21,cabonga,360.18,,HQ,20240924104027
2024-09-21,des_joachims,152.13,,OPG,20240924104027
2024-09-21,dozois,345.1,,HQ,20240924104027
2024-09-21,kiamika,268.05,,MELCC,20240924104027
2024-09-21,kipawa,269.31,,MELCC,20240924104027
2024-09-21,lady_evelyn,289.09,,OPG,20240924104027
2024-09-21,mitchinamecus,380.27,,MELCC,20240924104027
2024-09-21,poisson_blanc,199.78,,MELCC,20240924104027
2024-09-21,quinze,263.18,,MELCC,20240924104027
2024-09-21,rapide_7,309.16,,HQ,20240924104027
2024-09-21,timiskaming,179.18,,WSC,20240924104027
2024-09-21,timiskaming_haileybury,179.15,,WSC,20240924104027
2024-09-22,bark_lake,313.79,,OPG,20240924104027
2024-09-22,baskatong,221.49,,HQ,20240924104027
2024-09-22,cabonga,360.17,,HQ,20240924104027
2024-09-22,des_joachims,152.13,,OPG,20240924104027
2024-09-22,dozois,345.09,,HQ,20240924104027
2024-09-22,kiamika,268.03,,MELCC,20240924104027
2024-09-22,kipawa,269.3,,MELCC,20240924104027
2024-09-22,lady_evelyn,289.09,,OPG,20240924104027
2024-09-22,mitchinamecus,380.27,,MELCC,20240924104027
2024-09-22,poisson_blanc,199.68,,MELCC,20240924104027
2024-09-22,quinze,263.16,,MELCC,20240924104027
2024-09-22,rapide_7,309.15,,HQ,20240924104027
2024-09-22,timiskaming,179.17,,WSC,20240924104027
2024-09-22,timiskaming_haileybury,179.15,,WSC,20240924104027
2024-09-23,bark_lake,313.79,,OPG,20240924104027
2024-09-23,baskatong,221.46,,HQ,20240924104027
2024-09-23,cabonga,360.18,,HQ,20240924104027
2024-09-23,des_joachims,152.15,,OPG,20240924104027
2024-09-23,dozois,345.08,,HQ,20240924104027
2024-09-23,kiamika,268.01,,MELCC,20240924104027
2024-09-23,kipawa,269.29,,MELCC,20240924104027
2024-09-23,lady_evelyn,289.09,,OPG,20240924104027
2024-09-23,mitchinamecus,380.27,,MELCC,20240924104027
2024-09-23,poisson_blanc,199.57,,MELCC,20240924104027
2024-09-23,quinze,263.15,,MELCC,20240924104027
2024-09-23,rapide_7,309.16,,HQ,20240924104027
2024-09-23,timiskaming,179.2,,WSC,20240924104027
2024-09-23,timiskaming_haileybury,179.13,,WSC,20240924104027
2024-09-24,bark_lake,313.79,,OPG,20241001114851
2024-09-24,baskatong,221.45,,HQ,20240924104027
2024-09-24,cabonga,360.18,,HQ,20240924104027
2024-09-24,des_joachims,152.09,,OPG,20240924104027
2024-09-24,dozois,345.08,,HQ,20240924104027
2024-09-24,kiamika,268.0,,MELCC,20240924104027
2024-09-24,kipawa,269.28,,MELCC,20240924104027
2024-09-24,lady_evelyn,289.09,,OPG,20241001114851
2024-09-24,mitchinamecus,380.27,,MELCC,20240924104027
2024-09-24,poisson_blanc,199.5,,MELCC,20240924104027
2024-09-24,quinze,263.14,,MELCC,20240924104027
2024-09-24,rapide_7,309.16,,HQ,20240924104027
2024-09-24,timiskaming,179.19,,WSC,20240924104027
2024-09-24,timiskaming_haileybury,179.12,,WSC,20240924104027
2024-09-25,bark_lake,313.8,,OPG,20241001114851
2024-09-25,baskatong,221.41,,HQ,20241001114851
2024-09-25,cabonga,360.17,,HQ,20241001114851
2024-09-25,des_joachims,152.13,,OPG,20241001114851
2024-09-25,dozois,345.07,,HQ,20241001114851
2024-09-25,kiamika,267.98,,MELCC,20241001114851
2024-09-25,kipawa,269.29,,MELCC,20241001114851
2024-09-25,lady_evelyn,289.11,,OPG,20241001114851
2024-09-25,mitchinamecus,380.29,,MELCC,20241001114851
2024-09-25,poisson_blanc,199.35,,MELCC,20241001114851
2024-09-25,quinze,263.14,,MELCC,20241001114851
2024-09-25,rapide_7,309.18,,HQ,20241001114851
2024-09-25,timiskaming,179.17,,WSC,20241001114851
2024-09-25,timiskaming_haileybury,179.15,,WSC,20241001114851
2024-09-26,bark_lake,313.84,,OPG,20241001114851
2024-09-26,baskatong,221.38,,HQ,20241001114851
2024-09-26,cabonga,360.2,,HQ,20241001114851
2024-09-26,des_joachims,152.15,,OPG,20241001114851
2024-09-26,dozois,345.05,,HQ,20241001114851
2024-09-26,kiamika,267.97,,MELCC,20241001114851
2024-09-26,kipawa,269.27,,MELCC,20241001114851
2024-09-26,lady_evelyn,289.15,,OPG,20241001114851
2024-09-26,mitchinamecus,380.3,,MELCC,20241001114851
2024-09-26,poisson_blanc,199.31,,MELCC,20241001114851
2024-09-26,quinze,263.14,,MELCC,20241001114851
2024-09-26,rapide_7,309.19,,HQ,20241001114851
2024-09-26,timiskaming,179.24,,WSC,20241001114851
2024-09-26,timiskaming_haileybury,179.2,,WSC,20241001114851
2024-09-27,bark_lake,313.85,,OPG,20241001114851
2024-09-27,baskatong,221.38,,HQ,20241001114851
2024-09-27,cabonga,360.2,,HQ,20241001114851
2024-09-27,des_joachims,152.11,,OPG,20241001114851
2024-09-27,dozois,345.04,,HQ,20241001114851
2024-09-27,kiamika,267.97,,MELCC,20241001114851
2024-09-27,kipawa,269.26,,MELCC,20241001114851
2024-09-27,lady_evelyn,289.15,,OPG,20241001114851
2024-09-27,mitchinamecus,380.31,,MELCC,20241001114851
2024-09-27,poisson_blanc,199.26,,MELCC,20241001114851
2024-09-27,quinze,263.16,,MELCC,20241001114851
2024-09-27,rapide_7,309.19,,HQ,20241001114851
2024-09-27,timiskaming,179.28,,WSC,20241001114851
2024-09-27,timiskaming_haileybury,179.24,,WSC,20241001114851
2024-09-28,bark_lake,313.86,,OPG,20241001114851
2024-09-28,baskatong,221.37,,HQ,20241001114851
2024-09-28,cabonga,360.19,,HQ,20241001114851
2024-09-28,des_joachims,152.11,,OPG,20241001114851
2024-09-28,dozois,345.03,,HQ,20241001114851
2024-09-28,kiamika,267.96,,MELCC,20241001114851
2024-09-28,kipawa,269.25,,MELCC,20241001114851
2024-09-28,lady_evelyn,289.15,,OPG,20241001114851
2024-09-28,mitchinamecus,380.32,,MELCC,20241001114851
2024-09-28,poisson_blanc,199.24,,MELCC,20241001114851
2024-09-28,quinze,263.18,,MELCC,20241001114851
2024-09-28,rapide_7,309.18,,HQ,20241001114851
2024-09-28,timiskaming,179.28,,WSC,20241001114851
2024-09-28,timiskaming_haileybury,179.25,,WSC,20241001114851
2024-09-29,bark_lake,313.86,,OPG,20241001114851
2024-09-29,baskatong,221.37,,HQ,20241001114851
2024-09-29,cabonga,360.19,,HQ,20241001114851
2024-09-29,des_joachims,152.15,,OPG,20241001114851
2024-09-29,dozois,345.01,,HQ,20241001114851
2024-09-29,kiamika,267.94,,MELCC,20241001114851
2024-09-29,kipawa,269.23,,MELCC,20241001114851
2024-09-29,lady_evelyn,289.15,,OPG,20241001114851
2024-09-29,mitchinamecus,380.32,,MELCC,20241001114851
2024-09-29,poisson_blanc,199.26,,MELCC,20241001114851
2024-09-29,quinze,263.21,,MELCC,20241001114851
2024-09-29,rapide_7,309.17,,HQ,20241001114851
2024-09-29,timiskaming,179.31,,WSC,20241001114851
2024-09-29,timiskaming_haileybury,179.26,,WSC,20241001114851
2024-09-30,bark_lake,313.87,,OPG,20241001114851
2024-09-30,baskatong,221.36,,HQ,20241001114851
2024-09-30,cabonga,360.18,,HQ,20241001114851
2024-09-30,des_joachims,152.16,,OPG,20241001114851
2024-09-30,dozois,344.99,,HQ,20241001114851
2024-09-30,kiamika,267.93,,MELCC,20241001114851
2024-09-30,kipawa,269.22,,MELCC,20241001114851
2024-09-30,lady_evelyn,289.15,,OPG,20241001114851
2024-09-30,mitchinamecus,380.32,,MELCC,20241001114851
2024-09-30,poisson_blanc,199.3,,MELCC,20241001114851
2024-09-30,quinze,263.24,,MELCC,20241001114851
2024-09-30,rapide_7,309.16,,HQ,20241001114851
2024-09-30,timiskaming,179.31,,WSC,20241001114851
2024-09-30,timiskaming_haileybury,179.26,,WSC,20241001114851
2024-10-01,baskatong,221.35,,HQ,20241001114851
2024-10-01,cabonga,360.18,,HQ,20241001114851
2024-10-01,des_joachims,152.17,,OPG,20241001114851
2024-10-01,dozois,344.98,,HQ,20241001114851
2024-10-01,kiamika,267.92,,MELCC,20241001114851
2024-10-01,kipawa,269.22,,MELCC,20241001114851
2024-10-01,mitchinamecus,380.32,,MELCC,20241001114851
2024-10-01,poisson_blanc,199.33,,MELCC,20241001114851
2024-10-01,quinze,263.26,,MELCC,20241001114851
2024-10-01,rapide_7,309.15,,HQ,20241001114851
2024-10-01,timiskaming,179.3,,WSC,20241001114851
2024-10-01,timiskaming_haileybury,179.28,,WSC,20241001114851
2024-10-24,bark_lake,313.46,,OPG,20241101034732
2024-10-24,baskatong,220.89,,HQ,20241101034732
2024-10-24,cabonga,360.15,,HQ,20241101034732
2024-10-24,des_joachims,152.07,,OPG,20241101034732
2024-10-24,dozois,344.3,,HQ,20241101034732
2024-10-24,kiamika,267.65,,MELCC,20241101034732
2024-10-24,kipawa,269.18,,MELCC,20241101034732
2024-10-24,lady_evelyn,288.99,,OPG,20241101034732
2024-10-24,mitchinamecus,380.35,,MELCC,20241101034732
2024-10-24,poisson_blanc,199.09,,MELCC,20241101034732
2024-10-24,quinze,263.1,,MELCC,20241101034732
2024-10-24,rapide_7,309.17,,HQ,20241101034732
2024-10-24,timiskaming,179.02,,WSC,20241101034732
2024-10-24,timiskaming_haileybury,178.99,,WSC,20241101034732
2024-10-25,bark_lake,313.45,,OPG,20241101034732
2024-10-25,baskatong,220.83,,HQ,20241101034732
2024-10-25,cabonga,360.15,,HQ,20241101034732
2024-10-25,des_joachims,152.06,,OPG,20241101034732
2024-10-25,dozois,344.24,,HQ,20241101034732
2024-10-25,kiamika,267.63,,MELCC,20241101034732
2024-10-25,kipawa,269.19,,MELCC,20241101034732
2024-10-25,lady_evelyn,288.99,,OPG,20241101034732
2024-10-25,mitchinamecus,380.34,,MELCC,20241101034732
2024-10-25,poisson_blanc,199.1,,MELCC,20241101034732
2024-10-25,quinze,263.07,,MELCC,20241101034732
2024-10-25,rapide_7,309.11,,HQ,20241101034732
2024-10-25,timiskaming,179.04,,WSC,20241101034732
2024-10-25,timiskaming_haileybury,178.99,,WSC,20241101034732
2024-10-26,bark_lake,313.44,,OPG,20241101034732
2024-10-26,baskatong,220.79,,HQ,20241101034732
2024-10-26,cabonga,360.16,,HQ,20241101034732
2024-10-26,des_joachims,152.09,,OPG,20241101034732
2024-10-26,dozois,344.22,,HQ,20241101034732
2024-10-26,kiamika,267.62,,MELCC,20241101034732
2024-10-26,kipawa,269.19,,MELCC,20241101034732
2024-10-26,lady_evelyn,288.98,,OPG,20241101034732
2024-10-26,mitchinamecus,380.35,,MELCC,20241101034732
2024-10-26,poisson_blanc,199.12,,MELCC,20241101034732
2024-10-26,quinze,263.08,,MELCC,20241101034732
2024-10-26,rapide_7,309.1,,HQ,20241101034732
2024-10-26,timiskaming,179.02,,WSC,20241101034732
2024-10-26,timiskaming_haileybury,178.96,,WSC,20241101034732
2024-10-27,bark_lake,313.43,,OPG,20241101034732
2024-10-27,baskatong,220.73,,HQ,20241101034732
2024-10-27,cabonga,360.15,,HQ,20241101034732
2024-10-27,des_joachims,152.1,,OPG,20241101034732
2024-10-27,dozois,344.18,,HQ,20241101034732
2024-10-27,kiamika,267.6,,MELCC,20241101034732
2024-10-27,kipawa,269.18,,MELCC,20241101034732
2024-10-27,lady_evelyn,288.96,,OPG,20241101034732
2024-10-27,mitchinamecus,380.34,,MELCC,20241101034732
2024-10-27,poisson_blanc,199.13,,MELCC,20241101034732
2024-10-27,quinze,263.09,,MELCC,20241101034732
2024-10-27,rapide_7,309.07,,HQ,20241101034732
2024-10-27,timiskaming,179.0,,WSC,20241101034732
2024-10-27,timiskaming_haileybury,178.95,,WSC,20241101034732
2024-10-28,bark_lake,313.42,,OPG,20241101034732
2024-10-28,baskatong,220.69,,HQ,20241101034732
2024-10-28,cabonga,360.14,,HQ,20241101034732
2024-10-28,des_joachims,152.09,,OPG,20241101034732
2024-10-28,dozois,344.15,,HQ,20241101034732
2024-10-28,kiamika,267.58,,MELCC,20241101034732
2024-10-28,kipawa,269.18,,MELCC,20241101034732
2024-10-28,lady_evelyn,288.96,,OPG,20241101034732
2024-10-28,mitchinamecus,380.34,,MELCC,20241101034732
2024-10-28,poisson_blanc,199.14,,MELCC,20241101034732
2024-10-28,quinze,263.09,,MELCC,20241101034732
2024-10-28,rapide_7,309.09,,HQ,20241101034732
2024-10-28,timiskaming,178.96,,WSC,20241101034732
2024-10-28,timiskaming_haileybury,178.96,,WSC,20241101034732
2024-10-29,bark_lake,313.41,,OPG,20241101034732
2024-10-29,baskatong,220.67,,HQ,20241101034732
2024-10-29,cabonga,360.14,,HQ,20241101034732
2024-10-29,des_joachims,152.02,,OPG,20241101034732
2024-10-29,dozois,344.14,,HQ,20241101034732
2024-10-29,kiamika,267.58,,MELCC,20241101034732
2024-10-29,kipawa,269.19,,MELCC,20241101034732
2024-10-29,lady_evelyn,288.96,,OPG,20241101034732
2024-10-29,mitchinamecus,380.34,,MELCC,20241101034732
2024-10-29,poisson_blanc,199.14,,MELCC,20241101034732
2024-10-29,quinze,263.08,,MELCC,20241101034732
2024-10-29,rapide_7,309.1,,HQ,20241101034732
2024-10-29,timiskaming,178.96,,WSC,20241101034732
2024-10-29,timiskaming_haileybury,178.95,,WSC,20241101034732
2024-10-30,bark_lake,313.41,,OPG,20241101034732
2024-10-30,baskatong,220.63,,HQ,20241101034732
2024-10-30,cabonga,360.16,,HQ,20241101034732
2024-10-30,des_joachims,152.1,,OPG,20241101034732
2024-10-30,dozois,344.08,,HQ,20241101034732
2024-10-30,kiamika,267.56,,MELCC,20241101034732
2024-10-30,kipawa,269.17,,MELCC,20241101034732
2024-10-30,lady_evelyn,288.98,,OPG,20241101034732
2024-10-30,mitchinamecus,380.33,,MELCC,20241101034732
2024-10-30,poisson_blanc,199.16,,MELCC,20241101034732
2024-10-30,quinze,263.05,,MELCC,20241101034732
2024-10-30,rapide_7,309.09,,HQ,20241101034732
2024-10-30,timiskaming,178.96,,WSC,20241101034732
2024-10-30,timiskaming_haileybury,178.96,,WSC,20241101034732
2024-10-31,baskatong,220.59,,HQ,20241101034732
2024-10-31,cabonga,360.18,,HQ,20241101034732
2024-10-31,des_joachims,152.09,,OPG,20241101034732
2024-10-31,dozois,344.08,,HQ,20241101034732
2024-10-31,kiamika,267.55,,MELCC,20241101034732
2024-10-31,kipawa,269.2,,MELCC,20241101034732
2024-10-31,mitchinamecus,380.35,,MELCC,20241101034732
2024-10-31,poisson_blanc,199.18,,MELCC,20241101034732
2024-10-31,quinze,263.11,,MELCC,20241101034732
2024-10-31,rapide_7,309.12,,HQ,20241101034732
2024-10-31,timiskaming,179.06,,WSC,20241101034732
2024-10-31,timiskaming_haileybury,178.97,,WSC,20241101034732
2024-11-24,bark_lake,313.11,,OPG,20241201213543
2024-11-24,baskatong,220.61,,HQ,20241201213543
2024-11-24,cabonga,360.4,,HQ,20241201213543
2024-11-24,des_joachims,152.2,,OPG,20241201213543
2024-11-24,dozois,343.91,,HQ,20241201213543
2024-11-24,kiamika,267.5,,MELCC,20241201213543
2024-11-24,kipawa,269.58,,MELCC,20241201213543
2024-11-24,lady_evelyn,288.98,,OPG,20241201213543
2024-11-24,mitchinamecus,380.64,,MELCC,20241201213543
2024-11-24,poisson_blanc,200.53,,MELCC,20241201213543
2024-11-24,quinze,263.04,,MELCC,20241201213543
2024-11-24,rapide_7,309.07,,HQ,20241201213543
2024-11-24,timiskaming,178.87,,WSC,20241201213543
2024-11-24,timiskaming_haileybury,178.86,,WSC,20241201213543
2024-11-25,bark_lake,313.1,,OPG,20241201213543
2024-11-25,baskatong,220.6,,HQ,20241201213543
2024-11-25,cabonga,360.39,,HQ,20241201213543
2024-11-25,des_joachims,152.24,,OPG,20241201213543
2024-11-25,dozois,343.88,,HQ,20241201213543
2024-11-25,kiamika,267.49,,MELCC,20241201213543
2024-11-25,kipawa,269.57,,MELCC,20241201213543
2024-11-25,lady_evelyn,288.96,,OPG,20241201213543
2024-11-25,mitchinamecus,380.63,,MELCC,20241201213543
2024-11-25,poisson_blanc,200.59,,MELCC,20241201213543
2024-11-25,quinze,263.05,,MELCC,20241201213543
2024-11-25,rapide_7,309.09,,HQ,20241201213543
2024-11-25,timiskaming,178.84,,WSC,20241201213543
2024-11-25,timiskaming_haileybury,178.85,,WSC,20241201213543
2024-11-26,bark_lake,313.11,,OPG,20241201213543
2024-11-26,baskatong,220.59,,HQ,20241201213543
2024-11-26,cabonga,360.39,,HQ,20241201213543
2024-11-26,des_joachims,152.25,,OPG,20241201213543
2024-11-26,dozois,343.88,,HQ,20241201213543
2024-11-26,kiamika,267.48,,MELCC,20241201213543
2024-11-26,kipawa,269.56,,MELCC,20241201213543
2024-11-26,lady_evelyn,288.95,,OPG,20241201213543
2024-11-26,mitchinamecus,380.63,,MELCC,20241201213543
2024-11-26,poisson_blanc,200.6,,MELCC,20241201213543
2024-11-26,quinze,263.05,,MELCC,20241201213543
2024-11-26,rapide_7,309.1,,HQ,20241201213543
2024-11-26,timiskaming,178.83,,WSC,20241201213543
2024-11-26,timiskaming_haileybury,178.84,,WSC,20241201213543
2024-11-27,bark_lake,313.09,,OPG,20241201213543
2024-11-27,baskatong,220.54,,HQ,20241201213543
2024-11-27,cabonga,360.4,,HQ,20241201213543
2024-11-27,des_joachims,152.2,,OPG,20241201213543
2024-11-27,dozois,343.83,,HQ,20241201213543
2024-11-27,kiamika,267.47,,MELCC,20241201213543
2024-11-27,kipawa,269.52,,MELCC,20241201213543
2024-11-27,lady_evelyn,288.97,,OPG,20241201213543
2024-11-27,mitchinamecus,380.61,,MELCC,20241201213543
2024-11-27,poisson_blanc,200.65,,MELCC,20241201213543
2024-11-27,quinze,262.93,,MELCC,20241201213543
2024-11-27,rapide_7,309.11,,HQ,20241201213543
2024-11-27,timiskaming,178.8,,WSC,20241201213543
2024-11-27,timiskaming_haileybury,178.82,,WSC,20241201213543
2024-11-28,bark_lake,313.07,,OPG,20241201213543
2024-11-28,baskatong,220.53,,HQ,20241201213543
2024-11-28,cabonga,360.39,,HQ,20241201213543
2024-11-28,des_joachims,152.13,,OPG,20241201213543
2024-11-28,dozois,343.8,,HQ,20241201213543
2024-11-28,kiamika,267.46,,MELCC,20241201213543
2024-11-28,kipawa,269.51,,MELCC,20241201213543
2024-11-28,lady_evelyn,288.95,,OPG,20241201213543
2024-11-28,mitchinamecus,380.61,,MELCC,20241201213543
2024-11-28,poisson_blanc,200.7,,MELCC,20241201213543
2024-11-28,quinze,263.05,,MELCC,20241201213543
2024-11-28,rapide_7,309.14,,HQ,20241201213543
2024-11-28,timiskaming,178.81,,WSC,20241201213543
2024-11-28,timiskaming_haileybury,178.81,,WSC,20241201213543
2024-11-29,bark_lake,313.05,,OPG,20241201213543
2024-11-29,baskatong,220.5,,HQ,20241201213543
2024-11-29,cabonga,360.38,,HQ,20241201213543
2024-11-29,des_joachims,152.07,,OPG,20241201213543
2024-11-29,dozois,343.77,,HQ,20241201213543
2024-11-29,kiamika,267.45,,MELCC,20241201213543
2024-11-29,kipawa,269.5,,MELCC,20241201213543
2024-11-29,lady_evelyn,288.93,,OPG,20241201213543
2024-11-29,mitchinamecus,380.6,,MELCC,20241201213543
2024-11-29,poisson_blanc,200.75,,MELCC,20241201213543
2024-11-29,quinze,263.06,,MELCC,20241201213543
2024-11-29,rapide_7,309.13,,HQ,20241201213543
2024-11-29,timiskaming,178.81,,WSC,20241201213543
2024-11-29,timiskaming_haileybury,178.8,,WSC,20241201213543
2024-11-30,bark_lake,313.04,,OPG,20241201213543
2024-11-30,baskatong,220.47,,HQ,20241201213543
2024-11-30,cabonga,360.37,,HQ,20241201213543
2024-11-30,des_joachims,152.1,,OPG,20241201213543
2024-11-30,dozois,343.74,,HQ,20241201213543
2024-11-30,kiamika,267.44,,MELCC,20241201213543
2024-11-30,kipawa,269.48,,MELCC,20241201213543
2024-11-30,lady_evelyn,288.92,,OPG,20241201213543
2024-11-30,mitchinamecus,380.58,,MELCC,20241201213543
2024-11-30,poisson_blanc,200.79,,MELCC,20241201213543
2024-11-30,quinze,263.05,,MELCC,20241201213543
2024-11-30,rapide_7,309.12,,HQ,20241201213543
2024-11-30,timiskaming,178.81,,WSC,20241201213543
2024-11-30,timiskaming_haileybury,178.8,,WSC,20241201213543
2024-12-01,baskatong,220.44,,HQ,20241201213543
2024-12-01,cabonga,360.36,,HQ,20241201213543
2024-12-01,des_joachims,152.16,,OPG,20241201213543
2024-12-01,dozois,343.71,,HQ,20241201213543
2024-12-01,kiamika,267.43,,MELCC,20241201213543
2024-12-01,kipawa,269.47,,MELCC,20241201213543
2024-12-01,mitchinamecus,380.58,,MELCC,20241201213543
2024-12-01,poisson_blanc,200.82,,MELCC,20241201213543
2024-12-01,quinze,263.04,,MELCC,20241201213543
2024-12-01,rapide_7,309.12,,HQ,20241201213543
2024-12-01,timiskaming,178.8,,WSC,20241201213543
2024-12-01,timiskaming_haileybury,178.78,,WSC,20241201213543
2025-02-06,bark_lake,309.25,,OPG,20250213095221
2025-02-06,baskatong,216.67,,HQ,20250213095221
2025-02-06,cabonga,359.64,,HQ,20250213095221
2025-02-06,des_joachims,152.11,,OPG,20250213095221
2025-02-06,dozois,340.71,,HQ,20250213095221
2025-02-06,kiamika,266.46,,MELCC,20250213095221
2025-02-06,kipawa,268.95,,MELCC,20250213095221
2025-02-06,lady_evelyn,286.97,,OPG,20250213095221
2025-02-06,mitchinamecus,379.63,,MELCC,20250213095221
2025-02-06,poisson_blanc,198.71,,MELCC,20250213095221
2025-02-06,quinze,262.62,,MELCC,20250213095221
2025-02-06,rapide_7,308.85,,HQ,20250213095221
2025-02-06,timiskaming,177.78,,WSC,20250213095221
2025-02-06,timiskaming_haileybury,177.85,,WSC,20250213095221
2025-02-07,bark_lake,309.08,,OPG,20250213095221
2025-02-07,baskatong,216.56,,HQ,20250213095221
2025-02-07,cabonga,359.63,,HQ,20250213095221
2025-02-07,des_joachims,152.01,,OPG,20250213095221
2025-02-07,dozois,340.61,,HQ,20250213095221
2025-02-07,kiamika,266.41,,MELCC,20250213095221
2025-02-07,kipawa,268.93,,MELCC,20250213095221
2025-02-07,lady_evelyn,286.91,,OPG,20250213095221
2025-02-07,mitchinamecus,379.6,,MELCC,20250213095221
2025-02-07,poisson_blanc,198.6,,MELCC,20250213095221
2025-02-07,quinze,262.59,,MELCC,20250213095221
2025-02-07,rapide_7,308.84,,HQ,20250213095221
2025-02-07,timiskaming,177.74,,WSC,20250213095221
2025-02-07,timiskaming_haileybury,177.8,,WSC,20250213095221
2025-02-08,bark_lake,308.91,,OPG,20250213095221
2025-02-08,baskatong,216.45,,HQ,20250213095221
2025-02-08,cabonga,359.61,,HQ,20250213095221
2025-02-08,des_joachims,151.99,,OPG,20250213095221
2025-02-08,dozois,340.53,,HQ,20250213095221
2025-02-08,kiamika,266.37,,MELCC,20250213095221
2025-02-08,kipawa,268.91,,MELCC,20250213095221
2025-02-08,lady_evelyn,286.86,,OPG,20250213095221
2025-02-08,mitchinamecus,379.57,,MELCC,20250213095221
2025-02-08,poisson_blanc,198.49,,MELCC,20250213095221
2025-02-08,quinze,262.56,,MELCC,20250213095221
2025-02-08,rapide_7,308.84,,HQ,20250213095221
2025-02-08,timiskaming,177.71,,WSC,20250213095221
2025-02-08,timiskaming_haileybury,177.76,,WSC,20250213095221
2025-02-09,bark_lake,308.76,,OPG,20250213095221
2025-02-09,baskatong,216.33,,HQ,20250213095221
2025-02-09,cabonga,359.6,,HQ,20250213095221
2025-02-09,des_joachims,151.97,,OPG,20250213095221
2025-02-09,dozois,340.43,,HQ,20250213095221
2025-02-09,kiamika,266.32,,MELCC,20250213095221
2025-02-09,kipawa,268.89,,MELCC,20250213095221
2025-02-09,lady_evelyn,286.8,,OPG,20250213095221
2025-02-09,mitchinamecus,379.54,,MELCC,20250213095221
2025-02-09,poisson_blanc,198.39,,MELCC,20250213095221
2025-02-09,quinze,262.53,,MELCC,20250213095221
2025-02-09,rapide_7,308.84,,HQ,20250213095221
2025-02-09,timiskaming,177.67,,WSC,20250213095221
2025-02-09,timiskaming_haileybury,177.72,,WSC,20250213095221
2025-02-10,bark_lake,308.61,,OPG,20250213095221
2025-02-10,baskatong,216.22,,HQ,20250213095221
2025-02-10,cabonga,359.58,,HQ,20250213095221
2025-02-10,des_joachims,151.94,,OPG,20250213095221
2025-02-10,dozois,340.34,,HQ,20250213095221
2025-02-10,kiamika,266.28,,MELCC,20250213095221
2025-02-10,kipawa,268.86,,MELCC,20250213095221
2025-02-10,lady_evelyn,286.76,,OPG,20250213095221
2025-02-10,mitchinamecus,379.51,,MELCC,20250213095221
2025-02-10,poisson_blanc,198.29,,MELCC,20250213095221
2025-02-10,quinze,262.5,,MELCC,20250213095221
2025-02-10,rapide_7,308.84,,HQ,20250213095221
2025-02-10,timiskaming,177.59,,WSC,20250213095221
2025-02-10,timiskaming_haileybury,177.68,,WSC,20250213095221
2025-02-11,bark_lake,308.56,,OPG,20250213095221
2025-02-11,baskatong,216.18,,HQ,20250213095221
2025-02-11,cabonga,359.58,,HQ,20250213095221
2025-02-11,des_joachims,151.98,,OPG,20250213095221
2025-02-11,dozois,340.31,,HQ,20250213095221
2025-02-11,kiamika,266.26,,MELCC,20250213095221
2025-02-11,kipawa,268.86,,MELCC,20250213095221
2025-02-11,lady_evelyn,286.73,,OPG,20250213095221
2025-02-11,mitchinamecus,379.5,,MELCC,20250213095221
2025-02-11,poisson_blanc,198.26,,MELCC,20250213095221
2025-02-11,quinze,262.49,,MELCC,20250213095221
2025-02-11,rapide_7,308.83,,HQ,20250213095221
2025-02-11,timiskaming,177.58,,WSC,20250213095221
2025-02-11,timiskaming_haileybury,177.66,,WSC,20250213095221
2025-02-12,bark_lake,308.41,,OPG,20250213095221
2025-02-12,baskatong,216.05,,HQ,20250213095221
2025-02-12,cabonga,359.57,,HQ,20250213095221
2025-02-12,des_joachims,152.02,,OPG,20250213095221
2025-02-12,dozois,340.22,,HQ,20250213095221
2025-02-12,kiamika,266.22,,MELCC,20250213095221
2025-02-12,kipawa,268.8,,MELCC,20250213095221
2025-02-12,lady_evelyn,286.67,,OPG,20250213095221
2025-02-12,mitchinamecus,379.46,,MELCC,20250213095221
2025-02-12,poisson_blanc,198.16,,MELCC,20250213095221
2025-02-12,quinze,262.45,,MELCC,20250213095221
2025-02-12,rapide_7,308.83,,HQ,20250213095221
2025-02-12,timiskaming,177.53,,WSC,20250213095221
2025-02-12,timiskaming_haileybury,177.61,,WSC,20250213095221
2025-02-13,bark_lake,308.26,,OPG,20250214205218
2025-02-13,baskatong,215.91,,HQ,20250214205218
2025-02-13,cabonga,359.56,,HQ,20250214205218
2025-02-13,des_joachims,151.98,,OPG,20250214205218
2025-02-13,dozois,340.11,,HQ,20250214205218
2025-02-13,kiamika,266.18,,MELCC,20250214205218
2025-02-13,kipawa,268.77,,MELCC,20250214205218
2025-02-13,lady_evelyn,286.62,,OPG,20250214205218
2025-02-13,mitchinamecus,379.44,,MELCC,20250214205218
2025-02-13,poisson_blanc,198.06,,MELCC,20250214205218
2025-02-13,quinze,262.42,,MELCC,20250214205218
2025-02-13,rapide_7,308.84,,HQ,20250214205218
2025-02-13,timiskaming,177.51,,WSC,20250214205218
2025-02-13,timiskaming_haileybury,177.57,,WSC,20250214205218
2025-02-14,baskatong,215.78,,HQ,20250214205218
2025-02-14,cabonga,359.55,,HQ,20250214205218
2025-02-14,des_joachims,151.94,,OPG,20250214205218
2025-02-14,dozois,340.02,,HQ,20250214205218
2025-02-14,kiamika,266.14,,MELCC,20250214205218
2025-02-14,kipawa,268.74,,MELCC,20250214205218
2025-02-14,mitchinamecus,379.41,,MELCC,20250214205218
2025-02-14,poisson_blanc,197.97,,MELCC,20250214205218
2025-02-14,quinze,262.39,,MELCC,20250214205218
2025-02-14,rapide_7,308.83,,HQ,20250214205218
2025-02-14,timiskaming,177.47,,WSC,20250214205218
2025-02-14,timiskaming_haileybury,177.53,,WSC,20250214205218
2025-02-22,bark_lake,307.06,,OPG,20250301115906
2025-02-22,baskatong,214.54,,HQ,20250301115906
2025-02-22,cabonga,359.45,,HQ,20250301115906
2025-02-22,des_joachims,151.82,,OPG,20250301115906
2025-02-22,dozois,339.25,,HQ,20250301115906
2025-02-22,kiamika,265.79,,MELCC,20250301115906
2025-02-22,kipawa,268.54,,MELCC,20250301115906
2025-02-22,lady_evelyn,286.07,,OPG,20250301115906
2025-02-22,mitchinamecus,379.15,,MELCC,20250301115906
2025-02-22,poisson_blanc,197.03,,MELCC,20250301115906
2025-02-22,quinze,262.05,,MELCC,20250301115906
2025-02-22,rapide_7,308.81,,HQ,20250301115906
2025-02-22,timiskaming,177.1,,WSC,20250301115906
2025-02-22,timiskaming_haileybury,177.24,,WSC,20250301115906
2025-02-23,bark_lake,306.93,,OPG,20250301115906
2025-02-23,baskatong,214.38,,HQ,20250301115906
2025-02-23,cabonga,359.44,,HQ,20250301115906
2025-02-23,des_joachims,151.9,,OPG,20250301115906
2025-02-23,dozois,339.16,,HQ,20250301115906
2025-02-23,kiamika,265.74,,MELCC,20250301115906
2025-02-23,kipawa,268.51,,MELCC,20250301115906
2025-02-23,lady_evelyn,286.01,,OPG,20250301115906
2025-02-23,mitchinamecus,379.12,,MELCC,20250301115906
2025-02-23,poisson_blanc,196.9,,MELCC,20250301115906
2025-02-23,quinze,262.02,,MELCC,20250301115906
2025-02-23,rapide_7,308.8,,HQ,20250301115906
2025-02-23,timiskaming,177.03,,WSC,20250301115906
2025-02-23,timiskaming_haileybury,177.17,,WSC,20250301115906
2025-02-24,bark_lake,306.85,,OPG,20250301115906
2025-02-24,baskatong,214.22,,HQ,20250301115906
2025-02-24,cabonga,359.43,,HQ,20250301115906
2025-02-24,des_joachims,151.91,,OPG,20250301115906
2025-02-24,dozois,339.09,,HQ,20250301115906
2025-02-24,kiamika,265.7,,MELCC,20250301115906
2025-02-24,kipawa,268.49,,MELCC,20250301115906
2025-02-24,lady_evelyn,285.96,,OPG,20250301115906
2025-02-24,mitchinamecus,379.1,,MELCC,20250301115906
2025-02-24,poisson_blanc,196.79,,MELCC,20250301115906
2025-02-24,quinze,261.98,,MELCC,20250301115906
2025-02-24,rapide_7,308.79,,HQ,20250301115906
2025-02-24,timiskaming,176.96,,WSC,20250301115906
2025-02-24,timiskaming_haileybury,177.1,,WSC,20250301115906
2025-02-25,bark_lake,306.82,,OPG,20250301115906
2025-02-25,baskatong,214.16,,HQ,20250301115906
2025-02-25,cabonga,359.43,,HQ,20250301115906
2025-02-25,des_joachims,151.88,,OPG,20250301115906
2025-02-25,dozois,339.05,,HQ,20250301115906
2025-02-25,kiamika,265.69,,MELCC,20250301115906
2025-02-25,kipawa,268.48,,MELCC,20250301115906
2025-02-25,lady_evelyn,285.94,,OPG,20250301115906
2025-02-25,mitchinamecus,379.09,,MELCC,20250301115906
2025-02-25,poisson_blanc,196.76,,MELCC,20250301115906
2025-02-25,quinze,261.97,,MELCC,20250301115906
2025-02-25,rapide_7,308.78,,HQ,20250301115906
2025-02-25,timiskaming,176.95,,WSC,20250301115906
2025-02-25,timiskaming_haileybury,177.08,,WSC,20250301115906
2025-02-26,bark_lake,306.73,,OPG,20250301115906
2025-02-26,baskatong,213.97,,HQ,20250301115906
2025-02-26,cabonga,359.41,,HQ,20250301115906
2025-02-26,des_joachims,151.84,,OPG,20250301115906
2025-02-26,dozois,338.96,,HQ,20250301115906
2025-02-26,kiamika,265.64,,MELCC,20250301115906
2025-02-26,kipawa,268.4,,MELCC,20250301115906
2025-02-26,lady_evelyn,286.01,,OPG,20250301115906
2025-02-26,mitchinamecus,379.05,,MELCC,20250301115906
2025-02-26,poisson_blanc,196.6,,MELCC,20250301115906
2025-02-26,quinze,261.93,,MELCC,20250301115906
2025-02-26,rapide_7,308.76,,HQ,20250301115906
2025-02-26,timiskaming,176.88,,WSC,20250301115906
2025-02-26,timiskaming_haileybury,177.01,,WSC,20250301115906
2025-02-27,bark_lake,306.66,,OPG,20250301115906
2025-02-27,baskatong,213.79,,HQ,20250301115906
2025-02-27,cabonga,359.4,,HQ,20250301115906
2025-02-27,des_joachims,151.82,,OPG,20250301115906
2025-02-27,dozois,338.92,,HQ,20250301115906
2025-02-27,kiamika,265.6,,MELCC,20250301115906
2025-02-27,kipawa,268.37,,MELCC,20250301115906
2025-02-27,lady_evelyn,286.03,,OPG,20250301115906
2025-02-27,mitchinamecus,379.02,,MELCC,20250301115906
2025-02-27,poisson_blanc,196.46,,MELCC,20250301115906
2025-02-27,quinze,261.89,,MELCC,20250301115906
2025-02-27,rapide_7,308.75,,HQ,20250301115906
2025-02-27,timiskaming,176.82,,WSC,20250301115906
2025-02-27,timiskaming_haileybury,176.96,,WSC,20250301115906
2025-02-28,bark_lake,306.63,,OPG,20250301115906
2025-02-28,baskatong,213.61,,HQ,20250301115906
2025-02-28,cabonga,359.4,,HQ,20250301115906
2025-02-28,des_joachims,151.8,,OPG,20250301115906
2025-02-28,dozois,338.88,,HQ,20250301115906
2025-02-28,kiamika,265.55,,MELCC,20250301115906
2025-02-28,kipawa,268.35,,MELCC,20250301115906
2025-02-28,lady_evelyn,286.04,,OPG,20250301115906
2025-02-28,mitchinamecus,378.99,,MELCC,20250301115906
2025-02-28,poisson_blanc,196.33,,MELCC,20250301115906
2025-02-28,quinze,261.85,,MELCC,20250301115906
2025-02-28,rapide_7,308.73,,HQ,20250301115906
2025-02-28,timiskaming,176.76,,WSC,20250301115906
2025-02-28,timiskaming_haileybury,176.89,,WSC,20250301115906
2025-03-01,baskatong,213.49,,HQ,20250301115906
2025-03-01,cabonga,359.41,,HQ,20250301115906
2025-03-01,des_joachims,151.81,,OPG,20250301115906
2025-03-01,dozois,338.84,,HQ,20250301115906
2025-03-01,kiamika,265.52,,MELCC,20250301115906
2025-03-01,kipawa,268.33,,MELCC,20250301115906
2025-03-01,mitchinamecus,378.98,,MELCC,20250301115906
2025-03-01,poisson_blanc,196.25,,MELCC,20250301115906
2025-03-01,quinze,261.82,,MELCC,20250301115906
2025-03-01,rapide_7,308.72,,HQ,20250301115906
2025-03-01,timiskaming,176.76,,WSC,20250301115906
2025-03-01,timiskaming_haileybury,176.86,,WSC,20250301115906
2025-03-11,bark_lake,306.24,,OPG,20250319025644
2025-03-11,baskatong,211.63,,HQ,20250319025644
2025-03-11,cabonga,359.51,,HQ,20250319025644
2025-03-11,des_joachims,150.9,,OPG,20250319025644
2025-03-11,dozois,337.95,,HQ,20250319025644
2025-03-11,kiamika,265.11,,MELCC,20250319025644
2025-03-11,kipawa,268.09,,MELCC,20250319025644
2025-03-11,lady_evelyn,286.24,,OPG,20250319025644
2025-03-11,mitchinamecus,378.69,,MELCC,20250319025644
2025-03-11,poisson_blanc,194.76,,MELCC,20250319025644
2025-03-11,quinze,261.5,,MELCC,20250319025644
2025-03-11,rapide_7,308.55,,HQ,20250319025644
2025-03-11,timiskaming,176.29,,WSC,20250319025644
2025-03-11,timiskaming_haileybury,176.37,,WSC,20250319025644
2025-03-12,bark_lake,306.18,,OPG,20250319025644
2025-03-12,baskatong,211.44,,HQ,20250319025644
2025-03-12,cabonga,359.51,,HQ,20250319025644
2025-03-12,des_joachims,150.66,,OPG,20250319025644
2025-03-12,dozois,337.86,,HQ,20250319025644
2025-03-12,kiamika,265.07,,MELCC,20250319025644
2025-03-12,kipawa,268.05,,MELCC,20250319025644
2025-03-12,lady_evelyn,286.26,,OPG,20250319025644
2025-03-12,mitchinamecus,378.65,,MELCC,20250319025644
2025-03-12,poisson_blanc,194.6,,MELCC,20250319025644
2025-03-12,quinze,261.49,,MELCC,20250319025644
2025-03-12,rapide_7,308.57,,HQ,20250319025644
2025-03-12,timiskaming,176.23,,WSC,20250319025644
2025-03-12,timiskaming_haileybury,176.33,,WSC,20250319025644
2025-03-13,bark_lake,306.13,,OPG,20250319025644
2025-03-13,baskatong,211.23,,HQ,20250319025644
2025-03-13,cabonga,359.52,,HQ,20250319025644
2025-03-13,des_joachims,150.37,,OPG,20250319025644
2025-03-13,dozois,338.0,,HQ,20250319025644
2025-03-13,kiamika,265.03,,MELCC,20250319025644
2025-03-13,kipawa,268.02,,MELCC,20250319025644
2025-03-13,lady_evelyn,286.27,,OPG,20250319025644
2025-03-13,mitchinamecus,378.61,,MELCC,20250319025644
2025-03-13,poisson_blanc,194.46,,MELCC,20250319025644
2025-03-13,quinze,261.47,,MELCC,20250319025644
2025-03-13,rapide_7,308.57,,HQ,20250319025644
2025-03-13,timiskaming,176.2,,WSC,20250319025644
2025-03-13,timiskaming_haileybury,176.3,,WSC,20250319025644
2025-03-14,bark_lake,306.07,,OPG,20250319025644
2025-03-14,baskatong,211.03,,HQ,20250319025644
2025-03-14,cabonga,359.52,,HQ,20250319025644
2025-03-14,des_joachims,150.08,,OPG,20250319025644
2025-03-14,dozois,338.09,,HQ,20250319025644
2025-03-14,kiamika,264.99,,MELCC,20250319025644
2025-03-14,kipawa,267.99,,MELCC,20250319025644
2025-03-14,lady_evelyn,286.28,,OPG,20250319025644
2025-03-14,mitchinamecus,378.57,,MELCC,20250319025644
2025-03-14,poisson_blanc,194.31,,MELCC,20250319025644
2025-03-14,quinze,261.44,,MELCC,20250319025644
2025-03-14,rapide_7,308.58,,HQ,20250319025644
2025-03-14,timiskaming,176.16,,WSC,20250319025644
2025-03-14,timiskaming_haileybury,176.25,,WSC,20250319025644
2025-03-15,bark_lake,306.02,,OPG,20250319025644
2025-03-15,baskatong,210.83,,HQ,20250319025644
2025-03-15,cabonga,359.53,,HQ,20250319025644
2025-03-15,des_joachims,150.01,,OPG,20250319025644
2025-03-15,dozois,338.16,,HQ,20250319025644
2025-03-15,kiamika,264.96,,MELCC,20250319025644
2025-03-15,kipawa,267.97,,MELCC,20250319025644
2025-03-15,lady_evelyn,286.3,,OPG,20250319025644
2025-03-15,mitchinamecus,378.54,,MELCC,20250319025644
2025-03-15,poisson_blanc,194.19,,MELCC,20250319025644
2025-03-15,quinze,261.42,,MELCC,20250319025644
2025-03-15,rapide_7,308.59,,HQ,20250319025644
2025-03-15,timiskaming,176.14,,WSC,20250319025644
2025-03-15,timiskaming_haileybury,176.23,,WSC,20250319025644
2025-03-16,bark_lake,306.1,,OPG,20250319025644
2025-03-16,baskatong,210.76,,HQ,20250319025644
2025-03-16,cabonga,359.58,,HQ,20250319025644
2025-03-16,des_joachims,150.06,,OPG,20250319025644
2025-03-16,dozois,338.29,,HQ,20250319025644
2025-03-16,kiamika,264.97,,MELCC,20250319025644
2025-03-16,kipawa,267.96,,MELCC,20250319025644
2025-03-16,lady_evelyn,286.36,,OPG,20250319025644
2025-03-16,mitchinamecus,378.54,,MELCC,20250319025644
2025-03-16,poisson_blanc,194.19,,MELCC,20250319025644
2025-03-16,quinze,261.43,,MELCC,20250319025644
2025-03-16,rapide_7,308.62,,HQ,20250319025644
2025-03-16,timiskaming,176.23,,WSC,20250319025644
2025-03-16,timiskaming_haileybury,176.3,,WSC,20250319025644
2025-03-17,bark_lake,306.18,,OPG,20250319025644
2025-03-17,baskatong,210.81,,HQ,20250319025644
2025-03-17,cabonga,359.58,,HQ,20250319025644
2025-03-17,des_joachims,150.06,,OPG,20250319025644
2025-03-17,dozois,338.41,,HQ,20250319025644
2025-03-17,kiamika,265.0,,MELCC,20250319025644
2025-03-17,kipawa,267.94,,MELCC,20250319025644
2025-03-17,lady_evelyn,286.38,,OPG,20250319025644
2025-03-17,mitchinamecus,378.54,,MELCC,20250319025644
2025-03-17,poisson_blanc,194.21,,MELCC,20250319025644
2025-03-17,quinze,261.43,,MELCC,20250319025644
2025-03-17,rapide_7,308.66,,HQ,20250319025644
2025-03-17,timiskaming,176.28,,WSC,20250319025644
2025-03-17,timiskaming_haileybury,176.38,,WSC,20250319025644
2025-03-18,baskatong,210.84,,HQ,20250319025644
2025-03-18,cabonga,359.59,,HQ,20250319025644
2025-03-18,des_joachims,150.0,,OPG,20250319025644
2025-03-18,dozois,338.47,,HQ,20250319025644
2025-03-18,kiamika,265.02,,MELCC,20250319025644
2025-03-18,kipawa,267.89,,MELCC,20250319025644
2025-03-18,mitchinamecus,378.53,,MELCC,20250319025644
2025-03-18,poisson_blanc,194.23,,MELCC,20250319025644
2025-03-18,quinze,261.43,,MELCC,20250319025644
2025-03-18,rapide_7,308.68,,HQ,20250319025644
2025-03-18,timiskaming,176.31,,WSC,20250319025644
2025-03-18,timiskaming_haileybury,176.4,,WSC,20250319025644
2025-03-25,bark_lake,308.08,,OPG,20250401122731
2025-03-25,baskatong,211.95,,HQ,20250401122731
2025-03-25,cabonga,359.72,,HQ,20250401122731
2025-03-25,des_joachims,149.59,,OPG,20250401122731
2025-03-25,dozois,339.33,,HQ,20250401122731
2025-03-25,kiamika,265.47,,MELCC,20250401122731
2025-03-25,kipawa,267.84,,MELCC,20250401122731
2025-03-25,lady_evelyn,286.67,,OPG,20250401122731
2025-03-25,mitchinamecus,378.63,,MELCC,20250401122731
2025-03-25,poisson_blanc,195.49,,MELCC,20250401122731
2025-03-25,quinze,261.32,,MELCC,20250401122731
2025-03-25,rapide_7,308.78,,HQ,20250401122731
2025-03-25,timiskaming,176.38,,WSC,20250401122731
2025-03-25,timiskaming_haileybury,176.5,,WSC,20250401122731
2025-03-26,bark_lake,308.27,,OPG,20250401122731
2025-03-26,baskatong,211.95,,HQ,20250401122731
2025-03-26,cabonga,359.73,,HQ,20250401122731
2025-03-26,des_joachims,149.47,,OPG,20250401122731
2025-03-26,dozois,339.44,,HQ,20250401122731
2025-03-26,kiamika,265.48,,MELCC,20250401122731
2025-03-26,kipawa,267.82,,MELCC,20250401122731
2025-03-26,lady_evelyn,286.7,,OPG,20250401122731
2025-03-26,mitchinamecus,378.62,,MELCC,20250401122731
2025-03-26,poisson_blanc,195.62,,MELCC,20250401122731
2025-03-26,quinze,261.3,,MELCC,20250401122731
2025-03-26,rapide_7,308.76,,HQ,20250401122731
2025-03-26,timiskaming,176.36,,WSC,20250401122731
2025-03-26,timiskaming_haileybury,176.5,,WSC,20250401122731
2025-03-27,bark_lake,308.45,,OPG,20250401122731
2025-03-27,baskatong,211.92,,HQ,20250401122731
2025-03-27,cabonga,359.75,,HQ,20250401122731
2025-03-27,des_joachims,149.43,,OPG,20250401122731
2025-03-27,dozois,339.55,,HQ,20250401122731
2025-03-27,kiamika,265.48,,MELCC,20250401122731
2025-03-27,kipawa,267.81,,MELCC,20250401122731
2025-03-27,lady_evelyn,286.73,,OPG,20250401122731
2025-03-27,mitchinamecus,378.62,,MELCC,20250401122731
2025-03-27,poisson_blanc,195.73,,MELCC,20250401122731
2025-03-27,quinze,261.28,,MELCC,20250401122731
2025-03-27,rapide_7,308.73,,HQ,20250401122731
2025-03-27,timiskaming,176.37,,WSC,20250401122731
2025-03-27,timiskaming_haileybury,176.46,,WSC,20250401122731
2025-03-28,bark_lake,308.6,,OPG,20250401122731
2025-03-28,baskatong,211.88,,HQ,20250401122731
2025-03-28,cabonga,359.76,,HQ,20250401122731
2025-03-28,des_joachims,149.43,,OPG,20250401122731
2025-03-28,dozois,339.65,,HQ,20250401122731
2025-03-28,kiamika,265.48,,MELCC,20250401122731
2025-03-28,kipawa,267.81,,MELCC,20250401122731
2025-03-28,lady_evelyn,286.76,,OPG,20250401122731
2025-03-28,mitchinamecus,378.61,,MELCC,20250401122731
2025-03-28,poisson_blanc,195.81,,MELCC,20250401122731
2025-03-28,quinze,261.26,,MELCC,20250401122731
2025-03-28,rapide_7,308.68,,HQ,20250401122731
2025-03-28,timiskaming,176.37,,WSC,20250401122731
2025-03-28,timiskaming_haileybury,176.46,,WSC,20250401122731
2025-03-29,bark_lake,308.73,,OPG,20250401122731
2025-03-29,baskatong,211.81,,HQ,20250401122731
2025-03-29,cabonga,359.76,,HQ,20250401122731
2025-03-29,des_joachims,149.43,,OPG,20250401122731
2025-03-29,dozois,339.75,,HQ,20250401122731
2025-03-29,kiamika,265.47,,MELCC,20250401122731
2025-03-29,kipawa,267.78,,MELCC,20250401122731
2025-03-29,lady_evelyn,286.79,,OPG,20250401122731
2025-03-29,mitchinamecus,378.6,,MELCC,20250401122731
2025-03-29,poisson_blanc,195.87,,MELCC,20250401122731
2025-03-29,quinze,261.24,,MELCC,20250401122731
2025-03-29,rapide_7,308.63,,HQ,20250401122731
2025-03-29,timiskaming,176.35,,WSC,20250401122731
2025-03-29,timiskaming_haileybury,176.44,,WSC,20250401122731
2025-03-30,bark_lake,308.85,,OPG,20250401122731
2025-03-30,baskatong,211.74,,HQ,20250401122731
2025-03-30,cabonga,359.79,,HQ,20250401122731
2025-03-30,des_joachims,149.44,,OPG,20250401122731
2025-03-30,dozois,339.86,,HQ,20250401122731
2025-03-30,kiamika,265.47,,MELCC,20250401122731
2025-03-30,kipawa,267.78,,MELCC,20250401122731
2025-03-30,lady_evelyn,286.83,,OPG,20250401122731
2025-03-30,mitchinamecus,378.59,,MELCC,20250401122731
2025-03-30,poisson_blanc,195.92,,MELCC,20250401122731
2025-03-30,quinze,261.24,,MELCC,20250401122731
2025-03-30,rapide_7,308.58,,HQ,20250401122731
2025-03-30,timiskaming,176.36,,WSC,20250401122731
2025-03-30,timiskaming_haileybury,176.45,,WSC,20250401122731
2025-03-31,bark_lake,308.88,,OPG,20250401122731
2025-03-31,baskatong,211.72,,HQ,20250401122731
2025-03-31,cabonga,359.81,,HQ,20250401122731
2025-03-31,des_joachims,149.44,,OPG,20250401122731
2025-03-31,dozois,339.9,,HQ,20250401122731
2025-03-31,kiamika,265.47,,MELCC,20250401122731
2025-03-31,kipawa,267.78,,MELCC,20250401122731
2025-03-31,lady_evelyn,286.85,,OPG,20250401122731
2025-03-31,mitchinamecus,378.6,,MELCC,20250401122731
2025-03-31,poisson_blanc,195.94,,MELCC,20250401122731
2025-03-31,quinze,261.23,,MELCC,20250401122731
2025-03-31,rapide_7,308.58,,HQ,20250401122731
2025-03-31,timiskaming,176.37,,WSC,20250401122731
2025-03-31,timiskaming_haileybury,176.45,,WSC,20250401122731
2025-04-01,bark_lake,308.96,,OPG,20250401122731
2025-04-01,baskatong,211.68,,HQ,20250401122731
2025-04-01,cabonga,359.81,,HQ,20250401122731
2025-04-01,des_joachims,149.44,,OPG,20250401122731
2025-04-01,dozois,339.97,,HQ,20250401122731
2025-04-01,kiamika,265.48,,MELCC,20250401122731
2025-04-01,kipawa,267.74,,MELCC,20250401122731
2025-04-01,lady_evelyn,286.87,,OPG,20250401122731
2025-04-01,mitchinamecus,378.6,,MELCC,20250401122731
2025-04-01,poisson_blanc,195.98,,MELCC,20250401122731
2025-04-01,quinze,261.21,,MELCC,20250401122731
2025-04-01,rapide_7,308.54,,HQ,20250401122731
2025-04-01,timiskaming,176.35,,WSC,20250401122731
2025-04-01,timiskaming_haileybury,176.44,,WSC,20250401122731
2025-04-23,bark_lake,309.71,,OPG,20250430134101
2025-04-23,baskatong,214.6,,HQ,20250430134101
2025-04-23,cabonga,360.16,,HQ,20250430134101
2025-04-23,des_joachims,149.52,,OPG,20250430134101
2025-04-23,dozois,341.98,,HQ,20250430134101
2025-04-23,kiamika,266.28,,MELCC,20250430134101
2025-04-23,kipawa,267.65,,MELCC,20250430134101
2025-04-23,lady_evelyn,287.34,,OPG,20250430134101
2025-04-23,mitchinamecus,378.8,,MELCC,20250430134101
2025-04-23,poisson_blanc,198.93,,MELCC,20250430134101
2025-04-23,quinze,261.48,,MELCC,20250430134101
2025-04-23,rapide_7,307.34,,HQ,20250430134101
2025-04-23,timiskaming,177.3,,WSC,20250430134101
2025-04-23,timiskaming_haileybury,177.5,,WSC,20250430134101
2025-04-24,bark_lake,309.81,,OPG,20250430134101
2025-04-24,baskatong,214.94,,HQ,20250430134101
2025-04-24,cabonga,360.19,,HQ,20250430134101
2025-04-24,des_joachims,149.56,,OPG,20250430134101
2025-04-24,dozois,342.1,,HQ,20250430134101
2025-04-24,kiamika,266.38,,MELCC,20250430134101
2025-04-24,kipawa,267.7,,MELCC,20250430134101
2025-04-24,lady_evelyn,287.45,,OPG,20250430134101
2025-04-24,mitchinamecus,378.88,,MELCC,20250430134101
2025-04-24,poisson_blanc,199.13,,MELCC,20250430134101
2025-04-24,quinze,261.55,,MELCC,20250430134101
2025-04-24,rapide_7,307.36,,HQ,20250430134101
2025-04-24,timiskaming,177.48,,WSC,20250430134101
2025-04-24,timiskaming_haileybury,177.67,,WSC,20250430134101
2025-04-25,bark_lake,309.94,,OPG,20250430134101
2025-04-25,baskatong,215.25,,HQ,20250430134101
2025-04-25,cabonga,360.22,,HQ,20250430134101
2025-04-25,des_joachims,149.53,,OPG,20250430134101
2025-04-25,dozois,342.24,,HQ,20250430134101
2025-04-25,kiamika,266.46,,MELCC,20250430134101
2025-04-25,kipawa,267.77,,MELCC,20250430134101
2025-04-25,lady_evelyn,287.58,,OPG,20250430134101
2025-04-25,mitchinamecus,378.96,,MELCC,20250430134101
2025-04-25,poisson_blanc,199.34,,MELCC,20250430134101
2025-04-25,quinze,261.67,,MELCC,20250430134101
2025-04-25,rapide_7,307.41,,HQ,20250430134101
2025-04-25,timiskaming,177.66,,WSC,20250430134101
2025-04-25,timiskaming_haileybury,177.86,,WSC,20250430134101
2025-04-26,bark_lake,310.09,,OPG,20250430134101
2025-04-26,baskatong,215.62,,HQ,20250430134101
2025-04-26,cabonga,360.3,,HQ,20250430134101
2025-04-26,des_joachims,149.64,,OPG,20250430134101
2025-04-26,dozois,342.44,,HQ,20250430134101
2025-04-26,kiamika,266.58,,MELCC,20250430134101
2025-04-26,kipawa,267.89,,MELCC,20250430134101
2025-04-26,lady_evelyn,287.75,,OPG,20250430134101
2025-04-26,mitchinamecus,379.12,,MELCC,20250430134101
2025-04-26,poisson_blanc,199.56,,MELCC,20250430134101
2025-04-26,quinze,261.82,,MELCC,20250430134101
2025-04-26,rapide_7,307.5,,HQ,20250430134101
2025-04-26,timiskaming,177.89,,WSC,20250430134101
2025-04-26,timiskaming_haileybury,178.1,,WSC,20250430134101
2025-04-27,bark_lake,310.27,,OPG,20250430134101
2025-04-27,baskatong,216.15,,HQ,20250430134101
2025-04-27,cabonga,360.35,,HQ,20250430134101
2025-04-27,des_joachims,149.79,,OPG,20250430134101
2025-04-27,dozois,342.64,,HQ,20250430134101
2025-04-27,kiamika,266.73,,MELCC,20250430134101
2025-04-27,kipawa,267.97,,MELCC,20250430134101
2025-04-27,lady_evelyn,287.92,,OPG,20250430134101
2025-04-27,mitchinamecus,379.28,,MELCC,20250430134101
2025-04-27,poisson_blanc,199.78,,MELCC,20250430134101
2025-04-27,quinze,261.98,,MELCC,20250430134101
2025-04-27,rapide_7,307.6,,HQ,20250430134101
2025-04-27,timiskaming,177.99,,WSC,20250430134101
2025-04-27,timiskaming_haileybury,178.25,,WSC,20250430134101
2025-04-28,bark_lake,310.48,,OPG,20250430134101
2025-04-28,baskatong,216.68,,HQ,20250430134101
2025-04-28,cabonga,360.39,,HQ,20250430134101
2025-04-28,des_joachims,149.95,,OPG,20250430134101
2025-04-28,dozois,342.85,,HQ,20250430134101
2025-04-28,kiamika,266.86,,MELCC,20250430134101
2025-04-28,kipawa,268.06,,MELCC,20250430134101
2025-04-28,lady_evelyn,288.08,,OPG,20250430134101
2025-04-28,mitchinamecus,379.44,,MELCC,20250430134101
2025-04-28,poisson_blanc,200.0,,MELCC,20250430134101
2025-04-28,quinze,262.14,,MELCC,20250430134101
2025-04-28,rapide_7,307.76,,HQ,20250430134101
2025-04-28,timiskaming,178.12,,WSC,20250430134101
2025-04-28,timiskaming_haileybury,178.42,,WSC,20250430134101
2025-04-29,bark_lake,310.55,,OPG,20250430134101
2025-04-29,baskatong,216.85,,HQ,20250430134101
2025-04-29,cabonga,360.41,,HQ,20250430134101
2025-04-29,des_joachims,150.02,,OPG,20250430134101
2025-04-29,dozois,342.93,,HQ,20250430134101
2025-04-29,kiamika,266.89,,MELCC,20250430134101
2025-04-29,kipawa,268.09,,MELCC,20250430134101
2025-04-29,lady_evelyn,288.13,,OPG,20250430134101
2025-04-29,mitchinamecus,379.48,,MELCC,20250430134101
2025-04-29,poisson_blanc,200.05,,MELCC,20250430134101
2025-04-29,quinze,262.19,,MELCC,20250430134101
2025-04-29,rapide_7,307.83,,HQ,20250430134101
2025-04-29,timiskaming,178.15,,WSC,20250430134101
2025-04-29,timiskaming_haileybury,178.46,,WSC,20250430134101
2025-04-30,bark_lake,310.7,,OPG,20250430134101
2025-04-30,baskatong,217.43,,HQ,20250430134101
2025-04-30,cabonga,360.52,,HQ,20250430134101
2025-04-30,des_joachims,150.24,,OPG,20250430134101
2025-04-30,dozois,343.24,,HQ,20250430134101
2025-04-30,kiamika,267.0,,MELCC,20250430134101
2025-04-30,kipawa,268.19,,MELCC,20250430134101
2025-04-30,lady_evelyn,288.29,,OPG,20250430134101
2025-04-30,mitchinamecus,379.74,,MELCC,20250430134101
2025-04-30,poisson_blanc,200.3,,MELCC,20250430134101
2025-04-30,quinze,262.41,,MELCC,20250430134101
2025-04-30,rapide_7,308.09,,HQ,20250430134101
2025-04-30,timiskaming,178.35,,WSC,20250430134101
2025-04-30,timiskaming_haileybury,178.65,,WSC,20250430134101
2025-05-01,bark_lake,310.91,,OPG,20250501094417
2025-05-01,baskatong,217.99,,HQ,20250501094417
2025-05-01,cabonga,360.55,,HQ,20250501094417
2025-05-01,des_joachims,150.37,,OPG,20250501094417
2025-05-01,dozois,343.49,,HQ,20250501094417
2025-05-01,kiamika,267.08,,MELCC,20250501094417
2025-05-01,kipawa,268.29,,MELCC,20250501094417
2025-05-01,lady_evelyn,288.44,,OPG,20250501094417
2025-05-01,mitchinamecus,379.93,,MELCC,20250501094417
2025-05-01,poisson_blanc,200.5,,MELCC,20250501094417
2025-05-01,quinze,262.56,,MELCC,20250501094417
2025-05-01,rapide_7,308.27,,HQ,20250501094417
2025-05-01,timiskaming,178.39,,WSC,20250501094417
2025-05-01,timiskaming_haileybury,178.76,,WSC,20250501094417
2025-05-25,bark_lake,313.76,,OPG,20250601074902
2025-05-25,baskatong,221.23,,HQ,20250601074902
2025-05-25,cabonga,360.58,,HQ,20250601074902
2025-05-25,des_joachims,151.64,,OPG,20250601074902
2025-05-25,dozois,345.12,,HQ,20250601074902
2025-05-25,kiamika,267.75,,MELCC,20250601074902
2025-05-25,kipawa,269.45,,MELCC,20250601074902
2025-05-25,lady_evelyn,289.19,,OPG,20250601074902
2025-05-25,mitchinamecus,381.75,,MELCC,20250601074902
2025-05-25,poisson_blanc,201.45,,MELCC,20250601074902
2025-05-25,quinze,262.81,,MELCC,20250601074902
2025-05-25,rapide_7,308.83,,HQ,20250601074902
2025-05-25,timiskaming,179.01,,WSC,20250601074902
2025-05-25,timiskaming_haileybury,179.05,,WSC,20250601074902
2025-05-26,bark_lake,313.8,,OPG,20250601074902
2025-05-26,baskatong,221.24,,HQ,20250601074902
2025-05-26,cabonga,360.58,,HQ,20250601074902
2025-05-26,des_joachims,151.87,,OPG,20250601074902
2025-05-26,dozois,345.12,,HQ,20250601074902
2025-05-26,kiamika,267.75,,MELCC,20250601074902
2025-05-26,kipawa,269.46,,MELCC,20250601074902
2025-05-26,lady_evelyn,289.19,,OPG,20250601074902
2025-05-26,mitchinamecus,381.76,,MELCC,20250601074902
2025-05-26,poisson_blanc,201.42,,MELCC,20250601074902
2025-05-26,quinze,262.81,,MELCC,20250601074902
2025-05-26,rapide_7,308.83,,HQ,20250601074902
2025-05-26,timiskaming,179.06,,WSC,20250601074902
2025-05-26,timiskaming_haileybury,179.07,,WSC,20250601074902
2025-05-27,bark_lake,313.82,,OPG,20250601074902
2025-05-27,baskatong,221.24,,HQ,20250601074902
2025-05-27,cabonga,360.58,,HQ,20250601074902
2025-05-27,des_joachims,151.95,,OPG,20250601074902
2025-05-27,dozois,345.11,,HQ,20250601074902
2025-05-27,kiamika,267.75,,MELCC,20250601074902
2025-05-27,kipawa,269.47,,MELCC,20250601074902
2025-05-27,lady_evelyn,289.19,,OPG,20250601074902
2025-05-27,mitchinamecus,381.76,,MELCC,20250601074902
2025-05-27,poisson_blanc,201.42,,MELCC,20250601074902
2025-05-27,quinze,262.82,,MELCC,20250601074902
2025-05-27,rapide_7,308.83,,HQ,20250601074902
2025-05-27,timiskaming,179.05,,WSC,20250601074902
2025-05-27,timiskaming_haileybury,179.08,,WSC,20250601074902
2025-05-28,bark_lake,313.81,,OPG,20250601074902
2025-05-28,baskatong,221.23,,HQ,20250601074902
2025-05-28,cabonga,360.57,,HQ,20250601074902
2025-05-28,des_joachims,151.98,,OPG,20250601074902
2025-05-28,dozois,345.1,,HQ,20250601074902
2025-05-28,kiamika,267.76,,MELCC,20250601074902
2025-05-28,kipawa,269.45,,MELCC,20250601074902
2025-05-28,lady_evelyn,289.18,,OPG,20250601074902
2025-05-28,mitchinamecus,381.76,,MELCC,20250601074902
2025-05-28,poisson_blanc,201.41,,MELCC,20250601074902
2025-05-28,quinze,262.87,,MELCC,20250601074902
2025-05-28,rapide_7,308.84,,HQ,20250601074902
2025-05-28,timiskaming,179.1,,WSC,20250601074902
2025-05-28,timiskaming_haileybury,179.1,,WSC,20250601074902
2025-05-29,bark_lake,313.82,,OPG,20250601074902
2025-05-29,baskatong,221.22,,HQ,20250601074902
2025-05-29,cabonga,360.56,,HQ,20250601074902
2025-05-29,des_joachims,151.99,,OPG,20250601074902
2025-05-29,dozois,345.08,,HQ,20250601074902
2025-05-29,kiamika,267.77,,MELCC,20250601074902
2025-05-29,kipawa,269.46,,MELCC,20250601074902
2025-05-29,lady_evelyn,289.18,,OPG,20250601074902
2025-05-29,mitchinamecus,381.76,,MELCC,20250601074902
2025-05-29,poisson_blanc,201.41,,MELCC,20250601074902
2025-05-29,quinze,262.9,,MELCC,20250601074902
2025-05-29,rapide_7,308.83,,HQ,20250601074902
2025-05-29,timiskaming,179.08,,WSC,20250601074902
2025-05-29,timiskaming_haileybury,179.09,,WSC,20250601074902
2025-05-30,bark_lake,313.83,,OPG,20250601074902
2025-05-30,baskatong,221.2,,HQ,20250601074902
2025-05-30,cabonga,360.56,,HQ,20250601074902
2025-05-30,des_joachims,152.01,,OPG,20250601074902
2025-05-30,dozois,345.05,,HQ,20250601074902
2025-05-30,kiamika,267.77,,MELCC,20250601074902
2025-05-30,kipawa,269.47,,MELCC,20250601074902
2025-05-30,lady_evelyn,289.17,,OPG,20250601074902
2025-05-30,mitchinamecus,381.76,,MELCC,20250601074902
2025-05-30,poisson_blanc,201.39,,MELCC,20250601074902
2025-05-30,quinze,262.95,,MELCC,20250601074902
2025-05-30,rapide_7,308.81,,HQ,20250601074902
2025-05-30,timiskaming,179.11,,WSC,20250601074902
2025-05-30,timiskaming_haileybury,179.09,,WSC,20250601074902
2025-05-31,bark_lake,313.85,,OPG,20250601074902
2025-05-31,baskatong,221.22,,HQ,20250601074902
2025-05-31,cabonga,360.55,,HQ,20250601074902
2025-05-31,des_joachims,152.05,,OPG,20250601074902
2025-05-31,dozois,345.02,,HQ,20250601074902
2025-05-31,kiamika,267.79,,MELCC,20250601074902
2025-05-31,kipawa,269.48,,MELCC,20250601074902
2025-05-31,lady_evelyn,289.17,,OPG,20250601074902
2025-05-31,mitchinamecus,381.77,,MELCC,20250601074902
2025-05-31,poisson_blanc,201.38,,MELCC,20250601074902
2025-05-31,quinze,262.98,,MELCC,20250601074902
2025-05-31,rapide_7,308.78,,HQ,20250601074902
2025-05-31,timiskaming,179.13,,WSC,20250601074902
2025-05-31,timiskaming_haileybury,179.07,,WSC,20250601074902
2025-06-01,baskatong,221.22,,HQ,20250601074902
2025-06-01,cabonga,360.56,,HQ,20250601074902
2025-06-01,des_joachims,152.03,,OPG,20250601074902
2025-06-01,dozois,345.0,,HQ,20250601074902
2025-06-01,kiamika,267.79,,MELCC,20250601074902
2025-06-01,kipawa,269.48,,MELCC,20250601074902
2025-06-01,mitchinamecus,381.77,,MELCC,20250601074902
2025-06-01,poisson_blanc,201.38,,MELCC,20250601074902
2025-06-01,quinze,262.99,,MELCC,20250601074902
2025-06-01,rapide_7,308.77,,HQ,20250601074902
2025-06-01,timiskaming,179.13,,WSC,20250601074902
2025-06-01,timiskaming_haileybury,179.06,,WSC,20250601074902
2025-06-10,bark_lake,313.73,,OPG,20250617174428
2025-06-10,baskatong,221.17,,HQ,20250617174428
2025-06-10,cabonga,360.47,,HQ,20250617174428
2025-06-10,des_joachims,152.13,,OPG,20250617174428
2025-06-10,dozois,344.89,,HQ,20250617174428
2025-06-10,kiamika,267.82,,MELCC,20250617174428
2025-06-10,kipawa,269.56,,MELCC,20250617174428
2025-06-10,lady_evelyn,289.12,,OPG,20250617174428
2025-06-10,mitchinamecus,381.69,,MELCC,20250617174428
2025-06-10,poisson_blanc,201.07,,MELCC,20250617174428
2025-06-10,quinze,263.21,,MELCC,20250617174428
2025-06-10,rapide_7,309.03,,HQ,20250617174428
2025-06-10,timiskaming,179.21,,WSC,20250617174428
2025-06-10,timiskaming_haileybury,179.18,,WSC,20250617174428
2025-06-11,bark_lake,313.71,,OPG,20250617174428
2025-06-11,baskatong,221.18,,HQ,20250617174428
2025-06-11,cabonga,360.46,,HQ,20250617174428
2025-06-11,des_joachims,152.2,,OPG,20250617174428
2025-06-11,dozois,344.88,,HQ,20250617174428
2025-06-11,kiamika,267.83,,MELCC,20250617174428
2025-06-11,kipawa,269.59,,MELCC,20250617174428
2025-06-11,lady_evelyn,289.09,,OPG,20250617174428
2025-06-11,mitchinamecus,381.69,,MELCC,20250617174428
2025-06-11,poisson_blanc,201.06,,MELCC,20250617174428
2025-06-11,quinze,263.21,,MELCC,20250617174428
2025-06-11,rapide_7,309.06,,HQ,20250617174428
2025-06-11,timiskaming,179.3,,WSC,20250617174428
2025-06-11,timiskaming_haileybury,179.2,,WSC,20250617174428
2025-06-12,bark_lake,313.72,,OPG,20250617174428
2025-06-12,baskatong,221.17,,HQ,20250617174428
2025-06-12,cabonga,360.46,,HQ,20250617174428
2025-06-12,des_joachims,152.15,,OPG,20250617174428
2025-06-12,dozois,344.85,,HQ,20250617174428
2025-06-12,kiamika,267.83,,MELCC,20250617174428
2025-06-12,kipawa,269.58,,MELCC,20250617174428
2025-06-12,lady_evelyn,289.08,,OPG,20250617174428
2025-06-12,mitchinamecus,381.68,,MELCC,20250617174428
2025-06-12,poisson_blanc,201.05,,MELCC,20250617174428
2025-06-12,quinze,263.19,,MELCC,20250617174428
2025-06-12,rapide_7,309.07,,HQ,20250617174428
2025-06-12,timiskaming,179.24,,WSC,20250617174428
2025-06-12,timiskaming_haileybury,179.19,,WSC,20250617174428
2025-06-13,bark_lake,313.73,,OPG,20250617174428
2025-06-13,baskatong,221.17,,HQ,20250617174428
2025-06-13,cabonga,360.44,,HQ,20250617174428
2025-06-13,des_joachims,152.1,,OPG,20250617174428
2025-06-13,dozois,344.85,,HQ,20250617174428
2025-06-13,kiamika,267.82,,MELCC,20250617174428
2025-06-13,kipawa,269.58,,MELCC,20250617174428
2025-06-13,lady_evelyn,289.09,,OPG,20250617174428
2025-06-13,mitchinamecus,381.67,,MELCC,20250617174428
2025-06-13,poisson_blanc,201.03,,MELCC,20250617174428
2025-06-13,quinze,263.18,,MELCC,20250617174428
2025-06-13,rapide_7,309.08,,HQ,20250617174428
2025-06-13,timiskaming,179.24,,WSC,20250617174428
2025-06-13,timiskaming_haileybury,179.19,,WSC,20250617174428
2025-06-14,bark_lake,313.74,,OPG,20250617174428
2025-06-14,baskatong,221.16,,HQ,20250617174428
2025-06-14,cabonga,360.42,,HQ,20250617174428
2025-06-14,des_joachims,152.16,,OPG,20250617174428
2025-06-14,dozois,344.83,,HQ,20250617174428
2025-06-14,kiamika,267.82,,MELCC,20250617174428
2025-06-14,kipawa,269.58,,MELCC,20250617174428
2025-06-14,lady_evelyn,289.09,,OPG,20250617174428
2025-06-14,mitchinamecus,381.66,,MELCC,20250617174428
2025-06-14,poisson_blanc,201.01,,MELCC,20250617174428
2025-06-14,quinze,263.16,,MELCC,20250617174428
2025-06-14,rapide_7,309.08,,HQ,20250617174428
2025-06-14,timiskaming,179.22,,WSC,20250617174428
2025-06-14,timiskaming_haileybury,179.17,,WSC,20250617174428
2025-06-15,bark_lake,313.75,,OPG,20250617174428
2025-06-15,baskatong,221.16,,HQ,20250617174428
2025-06-15,cabonga,360.41,,HQ,20250617174428
2025-06-15,des_joachims,152.13,,OPG,20250617174428
2025-06-15,dozois,344.82,,HQ,20250617174428
2025-06-15,kiamika,267.81,,MELCC,20250617174428
2025-06-15,kipawa,269.57,,MELCC,20250617174428
2025-06-15,lady_evelyn,289.09,,OPG,20250617174428
2025-06-15,mitchinamecus,381.64,,MELCC,20250617174428
2025-06-15,poisson_blanc,200.99,,MELCC,20250617174428
2025-06-15,quinze,263.15,,MELCC,20250617174428
2025-06-15,rapide_7,309.09,,HQ,20250617174428
2025-06-15,timiskaming,179.19,,WSC,20250617174428
2025-06-15,timiskaming_haileybury,179.15,,WSC,20250617174428
2025-06-16,bark_lake,313.75,,OPG,20250617174428
2025-06-16,baskatong,221.15,,HQ,20250617174428
2025-06-16,cabonga,360.4,,HQ,20250617174428
2025-06-16,des_joachims,152.02,,OPG,20250617174428
2025-06-16,dozois,344.8,,HQ,20250617174428
2025-06-16,kiamika,267.81,,MELCC,20250617174428
2025-06-16,kipawa,269.57,,MELCC,20250617174428
2025-06-16,lady_evelyn,289.09,,OPG,20250617174428
2025-06-16,mitchinamecus,381.63,,MELCC,20250617174428
2025-06-16,poisson_blanc,200.96,,MELCC,20250617174428
2025-06-16,quinze,263.12,,MELCC,20250617174428
2025-06-16,rapide_7,309.08,,HQ,20250617174428
2025-06-16,timiskaming,179.17,,WSC,20250617174428
2025-06-16,timiskaming_haileybury,179.14,,WSC,20250617174428
2025-06-17,bark_lake,313.76,,OPG,20250617174428
2025-06-17,baskatong,221.15,,HQ,20250617174428
2025-06-17,cabonga,360.39,,HQ,20250617174428
2025-06-17,des_joachims,152.01,,OPG,20250617174428
2025-06-17,dozois,344.79,,HQ,20250617174428
2025-06-17,kiamika,267.8,,MELCC,20250617174428
2025-06-17,kipawa,269.54,,MELCC,20250617174428
2025-06-17,lady_evelyn,289.1,,OPG,20250617174428
2025-06-17,mitchinamecus,381.62,,MELCC,20250617174428
2025-06-17,poisson_blanc,200.95,,MELCC,20250617174428
2025-06-17,quinze,263.11,,MELCC,20250617174428
2025-06-17,rapide_7,309.08,,HQ,20250617174428
2025-06-17,timiskaming,179.14,,WSC,20250617174428
2025-06-17,timiskaming_haileybury,179.13,,WSC,20250617174428
2025-06-24,bark_lake,313.92,,OPG,20250701092738
2025-06-24,baskatong,221.35,,HQ,20250701092738
2025-06-24,cabonga,360.41,,HQ,20250701092738
2025-06-24,des_joachims,152.07,,OPG,20250701092738
2025-06-24,dozois,344.76,,HQ,20250701092738
2025-06-24,kiamika,268.1,,MELCC,20250701092738
2025-06-24,kipawa,269.55,,MELCC,20250701092738
2025-06-24,lady_evelyn,289.12,,OPG,20250701092738
2025-06-24,mitchinamecus,381.74,,MELCC,20250701092738
2025-06-24,poisson_blanc,201.07,,MELCC,20250701092738
2025-06-24,quinze,263.03,,MELCC,20250701092738
2025-06-24,rapide_7,309.08,,HQ,20250701092738
2025-06-24,timiskaming,179.19,,WSC,20250701092738
2025-06-24,timiskaming_haileybury,179.12,,WSC,20250701092738
2025-06-25,bark_lake,313.92,,OPG,20250701092738
2025-06-25,baskatong,221.37,,HQ,20250701092738
2025-06-25,cabonga,360.4,,HQ,20250701092738
2025-06-25,des_joachims,152.01,,OPG,20250701092738
2025-06-25,dozois,344.77,,HQ,20250701092738
2025-06-25,kiamika,268.11,,MELCC,20250701092738
2025-06-25,kipawa,269.55,,MELCC,20250701092738
2025-06-25,lady_evelyn,289.12,,OPG,20250701092738
2025-06-25,mitchinamecus,381.75,,MELCC,20250701092738
2025-06-25,poisson_blanc,201.07,,MELCC,20250701092738
2025-06-25,quinze,263.04,,MELCC,20250701092738
2025-06-25,rapide_7,309.08,,HQ,20250701092738
2025-06-25,timiskaming,179.2,,WSC,20250701092738
2025-06-25,timiskaming_haileybury,179.12,,WSC,20250701092738
2025-06-26,bark_lake,313.85,,OPG,20250701092738
2025-06-26,baskatong,221.36,,HQ,20250701092738
2025-06-26,cabonga,360.38,,HQ,20250701092738
2025-06-26,des_joachims,152.02,,OPG,20250701092738
2025-06-26,dozois,344.76,,HQ,20250701092738
2025-06-26,kiamika,268.11,,MELCC,20250701092738
2025-06-26,kipawa,269.5,,MELCC,20250701092738
2025-06-26,lady_evelyn,289.12,,OPG,20250701092738
2025-06-26,mitchinamecus,381.74,,MELCC,20250701092738
2025-06-26,poisson_blanc,201.05,,MELCC,20250701092738
2025-06-26,quinze,263.03,,MELCC,20250701092738
2025-06-26,rapide_7,309.12,,HQ,20250701092738
2025-06-26,timiskaming,179.15,,WSC,20250701092738
2025-06-26,timiskaming_haileybury,179.11,,WSC,20250701092738
2025-06-27,bark_lake,313.83,,OPG,20250701092738
2025-06-27,baskatong,221.37,,HQ,20250701092738
2025-06-27,cabonga,360.37,,HQ,20250701092738
2025-06-27,des_joachims,152.05,,OPG,20250701092738
2025-06-27,dozois,344.77,,HQ,20250701092738
2025-06-27,kiamika,268.12,,MELCC,20250701092738
2025-06-27,kipawa,269.52,,MELCC,20250701092738
2025-06-27,lady_evelyn,289.12,,OPG,20250701092738
2025-06-27,mitchinamecus,381.74,,MELCC,20250701092738
2025-06-27,poisson_blanc,201.02,,MELCC,20250701092738
2025-06-27,quinze,263.05,,MELCC,20250701092738
2025-06-27,rapide_7,309.14,,HQ,20250701092738
2025-06-27,timiskaming,179.14,,WSC,20250701092738
2025-06-27,timiskaming_haileybury,179.11,,WSC,20250701092738
2025-06-28,bark_lake,313.79,,OPG,20250701092738
2025-06-28,baskatong,221.39,,HQ,20250701092738
2025-06-28,cabonga,360.4,,HQ,20250701092738
2025-06-28,des_joachims,152.11,,OPG,20250701092738
2025-06-28,dozois,344.78,,HQ,20250701092738
2025-06-28,kiamika,268.15,,MELCC,20250701092738
2025-06-28,kipawa,269.52,,MELCC,20250701092738
2025-06-28,lady_evelyn,289.14,,OPG,20250701092738
2025-06-28,mitchinamecus,381.77,,MELCC,20250701092738
2025-06-28,poisson_blanc,201.02,,MELCC,20250701092738
2025-06-28,quinze,263.03,,MELCC,20250701092738
2025-06-28,rapide_7,309.13,,HQ,20250701092738
2025-06-28,timiskaming,179.15,,WSC,20250701092738
2025-06-28,timiskaming_haileybury,179.11,,WSC,20250701092738
2025-06-29,bark_lake,313.74,,OPG,20250701092738
2025-06-29,baskatong,221.41,,HQ,20250701092738
2025-06-29,cabonga,360.39,,HQ,20250701092738
2025-06-29,des_joachims,152.23,,OPG,20250701092738
2025-06-29,dozois,344.79,,HQ,20250701092738
2025-06-29,kiamika,268.16,,MELCC,20250701092738
2025-06-29,kipawa,269.52,,MELCC,20250701092738
2025-06-29,lady_evelyn,289.14,,OPG,20250701092738
2025-06-29,mitchinamecus,381.79,,MELCC,20250701092738
2025-06-29,poisson_blanc,201.0,,MELCC,20250701092738
2025-06-29,quinze,263.04,,MELCC,20250701092738
2025-06-29,rapide_7,309.14,,HQ,20250701092738
2025-06-29,timiskaming,179.15,,WSC,20250701092738
2025-06-29,timiskaming_haileybury,179.11,,WSC,20250701092738
2025-06-30,bark_lake,313.73,,OPG,20250701092738
2025-06-30,baskatong,221.45,,HQ,20250701092738
2025-06-30,cabonga,360.39,,HQ,20250701092738
2025-06-30,des_joachims,152.2,,OPG,20250701092738
2025-06-30,dozois,344.81,,HQ,20250701092738
2025-06-30,kiamika,268.17,,MELCC,20250701092738
2025-06-30,kipawa,269.52,,MELCC,20250701092738
2025-06-30,lady_evelyn,289.14,,OPG,20250701092738
2025-06-30,mitchinamecus,381.8,,MELCC,20250701092738
2025-06-30,poisson_blanc,200.96,,MELCC,20250701092738
2025-06-30,quinze,263.04,,MELCC,20250701092738
2025-06-30,rapide_7,309.14,,HQ,20250701092738
2025-06-30,timiskaming,179.15,,WSC,20250701092738
2025-06-30,timiskaming_haileybury,179.12,,WSC,20250701092738
2025-07-01,bark_lake,313.73,,OPG,20250701092738
2025-07-01,baskatong,221.47,,HQ,20250701092738
2025-07-01,cabonga,360.4,,HQ,20250701092738
2025-07-01,des_joachims,152.23,,OPG,20250701092738
2025-07-01,dozois,344.84,,HQ,20250701092738
2025-07-01,kiamika,268.17,,MELCC,20250701092738
2025-07-01,kipawa,269.54,,MELCC,20250701092738
2025-07-01,lady_evelyn,289.14,,OPG,20250701092738
2025-07-01,mitchinamecus,381.82,,MELCC,20250701092738
2025-07-01,poisson_blanc,200.95,,MELCC,20250701092738
2025-07-01,quinze,263.05,,MELCC,20250701092738
2025-07-01,rapide_7,309.14,,HQ,20250701092738
2025-07-01,timiskaming,179.17,,WSC,20250701092738
2025-07-01,timiskaming_haileybury,179.12,,WSC,20250701092738
2025-07-25,bark_lake,313.65,,OPG,20250801082613
2025-07-25,baskatong,221.64,,HQ,20250801082613
2025-07-25,cabonga,360.28,,HQ,20250801082613
2025-07-25,des_joachims,152.05,,OPG,20250801082613
2025-07-25,dozois,345.19,,HQ,20250801082613
2025-07-25,kiamika,267.99,,MELCC,20250801082613
2025-07-25,kipawa,269.67,,MELCC,20250801082613
2025-07-25,lady_evelyn,289.13,,OPG,20250801082613
2025-07-25,mitchinamecus,381.66,,MELCC,20250801082613
2025-07-25,poisson_blanc,200.69,,MELCC,20250801082613
2025-07-25,quinze,263.13,,MELCC,20250801082613
2025-07-25,rapide_7,309.1,,HQ,20250801082613
2025-07-25,timiskaming,179.33,,WSC,20250801082613
2025-07-25,timiskaming_haileybury,179.29,,WSC,20250801082613
2025-07-26,bark_lake,313.67,,OPG,20250801082613
2025-07-26,baskatong,221.62,,HQ,20250801082613
2025-07-26,cabonga,360.27,,HQ,20250801082613
2025-07-26,des_joachims,152.16,,OPG,20250801082613
2025-07-26,dozois,345.16,,HQ,20250801082613
2025-07-26,kiamika,267.97,,MELCC,20250801082613
2025-07-26,kipawa,269.66,,MELCC,20250801082613
2025-07-26,lady_evelyn,289.12,,OPG,20250801082613
2025-07-26,mitchinamecus,381.62,,MELCC,20250801082613
2025-07-26,poisson_blanc,200.65,,MELCC,20250801082613
2025-07-26,quinze,263.11,,MELCC,20250801082613
2025-07-26,rapide_7,309.08,,HQ,20250801082613
2025-07-26,timiskaming,179.29,,WSC,20250801082613
2025-07-26,timiskaming_haileybury,179.27,,WSC,20250801082613
2025-07-27,bark_lake,313.69,,OPG,20250801082613
2025-07-27,baskatong,221.6,,HQ,20250801082613
2025-07-27,cabonga,360.26,,HQ,20250801082613
2025-07-27,des_joachims,152.1,,OPG,20250801082613
2025-07-27,dozois,345.12,,HQ,20250801082613
2025-07-27,kiamika,267.94,,MELCC,20250801082613
2025-07-27,kipawa,269.67,,MELCC,20250801082613
2025-07-27,lady_evelyn,289.11,,OPG,20250801082613
2025-07-27,mitchinamecus,381.59,,MELCC,20250801082613
2025-07-27,poisson_blanc,200.61,,MELCC,20250801082613
2025-07-27,quinze,263.11,,MELCC,20250801082613
2025-07-27,rapide_7,309.07,,HQ,20250801082613
2025-07-27,timiskaming,179.31,,WSC,20250801082613
2025-07-27,timiskaming_haileybury,179.27,,WSC,20250801082613
2025-07-28,bark_lake,313.69,,OPG,20250801082613
2025-07-28,baskatong,221.58,,HQ,20250801082613
2025-07-28,cabonga,360.27,,HQ,20250801082613
2025-07-28,des_joachims,152.07,,OPG,20250801082613
2025-07-28,dozois,345.08,,HQ,20250801082613
2025-07-28,kiamika,267.92,,MELCC,20250801082613
2025-07-28,kipawa,269.67,,MELCC,20250801082613
2025-07-28,lady_evelyn,289.1,,OPG,20250801082613
2025-07-28,mitchinamecus,381.56,,MELCC,20250801082613
2025-07-28,poisson_blanc,200.58,,MELCC,20250801082613
2025-07-28,quinze,263.1,,MELCC,20250801082613
2025-07-28,rapide_7,309.05,,HQ,20250801082613
2025-07-28,timiskaming,179.32,,WSC,20250801082613
2025-07-28,timiskaming_haileybury,179.27,,WSC,20250801082613
2025-07-29,bark_lake,313.7,,OPG,20250801082613
2025-07-29,baskatong,221.58,,HQ,20250801082613
2025-07-29,cabonga,360.27,,HQ,20250801082613
2025-07-29,des_joachims,152.14,,OPG,20250801082613
2025-07-29,dozois,345.08,,HQ,20250801082613
2025-07-29,kiamika,267.92,,MELCC,20250801082613
2025-07-29,kipawa,269.66,,MELCC,20250801082613
2025-07-29,lady_evelyn,289.09,,OPG,20250801082613
2025-07-29,mitchinamecus,381.56,,MELCC,20250801082613
2025-07-29,poisson_blanc,200.57,,MELCC,20250801082613
2025-07-29,quinze,263.11,,MELCC,20250801082613
2025-07-29,rapide_7,309.07,,HQ,20250801082613
2025-07-29,timiskaming,179.3,,WSC,20250801082613
2025-07-29,timiskaming_haileybury,179.26,,WSC,20250801082613
2025-07-30,bark_lake,313.7,,OPG,20250801082613
2025-07-30,baskatong,221.58,,HQ,20250801082613
2025-07-30,cabonga,360.27,,HQ,20250801082613
2025-07-30,des_joachims,152.11,,OPG,20250801082613
2025-07-30,dozois,345.04,,HQ,20250801082613
2025-07-30,kiamika,267.91,,MELCC,20250801082613
2025-07-30,kipawa,269.62,,MELCC,20250801082613
2025-07-30,lady_evelyn,289.09,,OPG,20250801082613
2025-07-30,mitchinamecus,381.53,,MELCC,20250801082613
2025-07-30,poisson_blanc,200.54,,MELCC,20250801082613
2025-07-30,quinze,263.09,,MELCC,20250801082613
2025-07-30,rapide_7,309.05,,HQ,20250801082613
2025-07-30,timiskaming,179.3,,WSC,20250801082613
2025-07-30,timiskaming_haileybury,179.24,,WSC,20250801082613
2025-07-31,bark_lake,313.7,,OPG,20250801082613
2025-07-31,baskatong,221.57,,HQ,20250801082613
2025-07-31,cabonga,360.25,,HQ,20250801082613
2025-07-31,des_joachims,152.11,,OPG,20250801082613
2025-07-31,dozois,344.99,,HQ,20250801082613
2025-07-31,kiamika,267.89,,MELCC,20250801082613
2025-07-31,kipawa,269.61,,MELCC,20250801082613
2025-07-31,lady_evelyn,289.09,,OPG,20250801082613
2025-07-31,mitchinamecus,381.5,,MELCC,20250801082613
2025-07-31,poisson_blanc,200.49,,MELCC,20250801082613
2025-07-31,quinze,263.08,,MELCC,20250801082613
2025-07-31,rapide_7,309.04,,HQ,20250801082613
2025-07-31,timiskaming,179.29,,WSC,20250801082613
2025-07-31,timiskaming_haileybury,179.21,,WSC,20250801082613
2025-08-25,bark_lake,313.55,,OPG,20250901112508
2025-08-25,baskatong,220.94,,HQ,20250901112508
2025-08-25,cabonga,360.02,,HQ,20250901112508
2025-08-25,des_joachims,152.11,,OPG,20250901112508
2025-08-25,dozois,344.17,,HQ,20250901112508
2025-08-25,kiamika,267.62,,MELCC,20250901112508
2025-08-25,kipawa,269.5,,MELCC,20250901112508
2025-08-25,lady_evelyn,289.02,,OPG,20250901112508
2025-08-25,mitchinamecus,380.97,,MELCC,20250901112508
2025-08-25,poisson_blanc,200.39,,MELCC,20250901112508
2025-08-25,quinze,262.96,,MELCC,20250901112508
2025-08-25,rapide_7,308.88,,HQ,20250901112508
2025-08-25,timiskaming,179.18,,WSC,20250901112508
2025-08-25,timiskaming_haileybury,179.09,,WSC,20250901112508
2025-08-26,bark_lake,313.55,,OPG,20250901112508
2025-08-26,baskatong,220.95,,HQ,20250901112508
2025-08-26,cabonga,360.02,,HQ,20250901112508
2025-08-26,des_joachims,152.19,,OPG,20250901112508
2025-08-26,dozois,344.16,,HQ,20250901112508
2025-08-26,kiamika,267.62,,MELCC,20250901112508
2025-08-26,kipawa,269.5,,MELCC,20250901112508
2025-08-26,lady_evelyn,289.01,,OPG,20250901112508
2025-08-26,mitchinamecus,380.95,,MELCC,20250901112508
2025-08-26,poisson_blanc,200.38,,MELCC,20250901112508
2025-08-26,quinze,262.96,,MELCC,20250901112508
2025-08-26,rapide_7,308.88,,HQ,20250901112508
2025-08-26,timiskaming,179.18,,WSC,20250901112508
2025-08-26,timiskaming_haileybury,179.09,,WSC,20250901112508
2025-08-27,bark_lake,313.52,,OPG,20250901112508
2025-08-27,baskatong,220.92,,HQ,20250901112508
2025-08-27,cabonga,360.0,,HQ,20250901112508
2025-08-27,des_joachims,152.09,,OPG,20250901112508
2025-08-27,dozois,344.12,,HQ,20250901112508
2025-08-27,kiamika,267.61,,MELCC,20250901112508
2025-08-27,kipawa,269.45,,MELCC,20250901112508
2025-08-27,lady_evelyn,289.01,,OPG,20250901112508
2025-08-27,mitchinamecus,380.91,,MELCC,20250901112508
2025-08-27,poisson_blanc,200.35,,MELCC,20250901112508
2025-08-27,quinze,262.96,,MELCC,20250901112508
2025-08-27,rapide_7,308.85,,HQ,20250901112508
2025-08-27,timiskaming,179.14,,WSC,20250901112508
2025-08-27,timiskaming_haileybury,179.08,,WSC,20250901112508
2025-08-28,bark_lake,313.52,,OPG,20250901112508
2025-08-28,baskatong,220.91,,HQ,20250901112508
2025-08-28,cabonga,359.99,,HQ,20250901112508
2025-08-28,des_joachims,152.1,,OPG,20250901112508
2025-08-28,dozois,344.07,,HQ,20250901112508
2025-08-28,kiamika,267.6,,MELCC,20250901112508
2025-08-28,kipawa,269.44,,MELCC,20250901112508
2025-08-28,lady_evelyn,289.0,,OPG,20250901112508
2025-08-28,mitchinamecus,380.88,,MELCC,20250901112508
2025-08-28,poisson_blanc,200.33,,MELCC,20250901112508
2025-08-28,quinze,262.97,,MELCC,20250901112508
2025-08-28,rapide_7,308.83,,HQ,20250901112508
2025-08-28,timiskaming,179.17,,WSC,20250901112508
2025-08-28,timiskaming_haileybury,179.06,,WSC,20250901112508
2025-08-29,bark_lake,313.53,,OPG,20250901112508
2025-08-29,baskatong,220.88,,HQ,20250901112508
2025-08-29,cabonga,359.98,,HQ,20250901112508
2025-08-29,des_joachims,152.06,,OPG,20250901112508
2025-08-29,dozois,344.03,,HQ,20250901112508
2025-08-29,kiamika,267.6,,MELCC,20250901112508
2025-08-29,kipawa,269.44,,MELCC,20250901112508
2025-08-29,lady_evelyn,289.0,,OPG,20250901112508
2025-08-29,mitchinamecus,380.85,,MELCC,20250901112508
2025-08-29,poisson_blanc,200.31,,MELCC,20250901112508
2025-08-29,quinze,262.96,,MELCC,20250901112508
2025-08-29,rapide_7,308.81,,HQ,20250901112508
2025-08-29,timiskaming,179.16,,WSC,20250901112508
2025-08-29,timiskaming_haileybury,179.06,,WSC,20250901112508
2025-08-30,bark_lake,313.52,,OPG,20250901112508
2025-08-30,baskatong,220.86,,HQ,20250901112508
2025-08-30,cabonga,359.98,,HQ,20250901112508
2025-08-30,des_joachims,152.05,,OPG,20250901112508
2025-08-30,dozois,343.99,,HQ,20250901112508
2025-08-30,kiamika,267.61,,MELCC,20250901112508
2025-08-30,kipawa,269.43,,MELCC,20250901112508
2025-08-30,lady_evelyn,289.0,,OPG,20250901112508
2025-08-30,mitchinamecus,380.82,,MELCC,20250901112508
2025-08-30,poisson_blanc,200.25,,MELCC,20250901112508
2025-08-30,quinze,262.95,,MELCC,20250901112508
2025-08-30,rapide_7,308.82,,HQ,20250901112508
2025-08-30,timiskaming,179.14,,WSC,20250901112508
2025-08-30,timiskaming_haileybury,179.05,,WSC,20250901112508
2025-08-31,bark_lake,313.51,,OPG,20250901112508
2025-08-31,baskatong,220.85,,HQ,20250901112508
2025-08-31,cabonga,359.97,,HQ,20250901112508
2025-08-31,des_joachims,152.03,,OPG,20250901112508
2025-08-31,dozois,343.96,,HQ,20250901112508
2025-08-31,kiamika,267.61,,MELCC,20250901112508
2025-08-31,kipawa,269.43,,MELCC,20250901112508
2025-08-31,lady_evelyn,289.0,,OPG,20250901112508
2025-08-31,mitchinamecus,380.79,,MELCC,20250901112508
2025-08-31,poisson_blanc,200.18,,MELCC,20250901112508
2025-08-31,quinze,262.93,,MELCC,20250901112508
2025-08-31,rapide_7,308.84,,HQ,20250901112508
2025-08-31,timiskaming,179.12,,WSC,20250901112508
2025-08-31,timiskaming_haileybury,179.06,,WSC,20250901112508
2025-09-01,bark_lake,313.51,,OPG,20250901112508
2025-09-01,baskatong,220.84,,HQ,20250901112508
2025-09-01,cabonga,359.96,,HQ,20250901112508
2025-09-01,des_joachims,152.03,,OPG,20250901112508
2025-09-01,dozois,343.94,,HQ,20250901112508
2025-09-01,kiamika,267.61,,MELCC,20250901112508
2025-09-01,kipawa,269.43,,MELCC,20250901112508
2025-09-01,lady_evelyn,289.0,,OPG,20250901112508
2025-09-01,mitchinamecus,380.77,,MELCC,20250901112508
2025-09-01,poisson_blanc,200.13,,MELCC,20250901112508
2025-09-01,quinze,262.92,,MELCC,20250901112508
2025-09-01,rapide_7,308.85,,HQ,20250901112508
2025-09-01,timiskaming,179.12,,WSC,20250901112508
2025-09-01,timiskaming_haileybury,179.06,,WSC,20250901112508
2025-09-24,bark_lake,313.38,,OPG,20251001083425
2025-09-24,baskatong,220.14,,HQ,20251001083425
2025-09-24,cabonga,359.86,,HQ,20251001083425
2025-09-24,des_joachims,152.16,,OPG,20251001083425
2025-09-24,dozois,343.02,,HQ,20251001083425
2025-09-24,kiamika,267.48,,MELCC,20251001083425
2025-09-24,kipawa,269.2,,MELCC,20251001083425
2025-09-24,lady_evelyn,288.97,,OPG,20251001083425
2025-09-24,mitchinamecus,380.03,,MELCC,20251001083425
2025-09-24,poisson_blanc,199.13,,MELCC,20251001083425
2025-09-24,quinze,262.77,,MELCC,20251001083425
2025-09-24,rapide_7,308.69,,HQ,20251001083425
2025-09-24,timiskaming,178.84,,WSC,20251001083425
2025-09-24,timiskaming_haileybury,178.76,,WSC,20251001083425
2025-09-25,bark_lake,313.37,,OPG,20251001083425
2025-09-25,baskatong,220.1,,HQ,20251001083425
2025-09-25,cabonga,359.86,,HQ,20251001083425
2025-09-25,des_joachims,152.14,,OPG,20251001083425
2025-09-25,dozois,342.98,,HQ,20251001083425
2025-09-25,kiamika,267.47,,MELCC,20251001083425
2025-09-25,kipawa,269.19,,MELCC,20251001083425
2025-09-25,lady_evelyn,288.97,,OPG,20251001083425
2025-09-25,mitchinamecus,380.0,,MELCC,20251001083425
2025-09-25,poisson_blanc,199.11,,MELCC,20251001083425
2025-09-25,quinze,262.75,,MELCC,20251001083425
2025-09-25,rapide_7,308.69,,HQ,20251001083425
2025-09-25,timiskaming,178.83,,WSC,20251001083425
2025-09-25,timiskaming_haileybury,178.76,,WSC,20251001083425
2025-09-26,bark_lake,313.37,,OPG,20251001083425
2025-09-26,baskatong,220.04,,HQ,20251001083425
2025-09-26,cabonga,359.86,,HQ,20251001083425
2025-09-26,des_joachims,152.15,,OPG,20251001083425
2025-09-26,dozois,342.93,,HQ,20251001083425
2025-09-26,kiamika,267.47,,MELCC,20251001083425
2025-09-26,kipawa,269.17,,MELCC,20251001083425
2025-09-26,lady_evelyn,288.97,,OPG,20251001083425
2025-09-26,mitchinamecus,379.96,,MELCC,20251001083425
2025-09-26,poisson_blanc,199.1,,MELCC,20251001083425
2025-09-26,quinze,262.73,,MELCC,20251001083425
2025-09-26,rapide_7,308.68,,HQ,20251001083425
2025-09-26,timiskaming,178.83,,WSC,20251001083425
2025-09-26,timiskaming_haileybury,178.74,,WSC,20251001083425
2025-09-27,bark_lake,313.36,,OPG,20251001083425
2025-09-27,baskatong,220.0,,HQ,20251001083425
2025-09-27,cabonga,359.85,,HQ,20251001083425
2025-09-27,des_joachims,152.13,,OPG,20251001083425
2025-09-27,dozois,342.9,,HQ,20251001083425
2025-09-27,kiamika,267.46,,MELCC,20251001083425
2025-09-27,kipawa,269.17,,MELCC,20251001083425
2025-09-27,lady_evelyn,288.97,,OPG,20251001083425
2025-09-27,mitchinamecus,379.92,,MELCC,20251001083425
2025-09-27,poisson_blanc,199.08,,MELCC,20251001083425
2025-09-27,quinze,262.72,,MELCC,20251001083425
2025-09-27,rapide_7,308.68,,HQ,20251001083425
2025-09-27,timiskaming,178.79,,WSC,20251001083425
2025-09-27,timiskaming_haileybury,178.74,,WSC,20251001083425
2025-09-28,bark_lake,313.35,,OPG,20251001083425
2025-09-28,baskatong,219.95,,HQ,20251001083425
2025-09-28,cabonga,359.86,,HQ,20251001083425
2025-09-28,des_joachims,152.14,,OPG,20251001083425
2025-09-28,dozois,342.85,,HQ,20251001083425
2025-09-28,kiamika,267.45,,MELCC,20251001083425
2025-09-28,kipawa,269.15,,MELCC,20251001083425
2025-09-28,lady_evelyn,288.98,,OPG,20251001083425
2025-09-28,mitchinamecus,379.89,,MELCC,20251001083425
2025-09-28,poisson_blanc,199.07,,MELCC,20251001083425
2025-09-28,quinze,262.69,,MELCC,20251001083425
2025-09-28,rapide_7,308.67,,HQ,20251001083425
2025-09-28,timiskaming,178.77,,WSC,20251001083425
2025-09-28,timiskaming_haileybury,178.72,,WSC,20251001083425
2025-09-29,bark_lake,313.34,,OPG,20251001083425
2025-09-29,baskatong,219.9,,HQ,20251001083425
2025-09-29,cabonga,359.85,,HQ,20251001083425
2025-09-29,des_joachims,152.12,,OPG,20251001083425
2025-09-29,dozois,342.8,,HQ,20251001083425
2025-09-29,kiamika,267.44,,MELCC,20251001083425
2025-09-29,kipawa,269.14,,MELCC,20251001083425
2025-09-29,lady_evelyn,288.97,,OPG,20251001083425
2025-09-29,mitchinamecus,379.86,,MELCC,20251001083425
2025-09-29,poisson_blanc,199.05,,MELCC,20251001083425
2025-09-29,quinze,262.68,,MELCC,20251001083425
2025-09-29,rapide_7,308.67,,HQ,20251001083425
2025-09-29,timiskaming,178.77,,WSC,20251001083425
2025-09-29,timiskaming_haileybury,178.71,,WSC,20251001083425
2025-09-30,bark_lake,313.34,,OPG,20251001083425
2025-09-30,baskatong,219.87,,HQ,20251001083425
2025-09-30,cabonga,359.84,,HQ,20251001083425
2025-09-30,des_joachims,152.12,,OPG,20251001083425
2025-09-30,dozois,342.76,,HQ,20251001083425
2025-09-30,kiamika,267.43,,MELCC,20251001083425
2025-09-30,kipawa,269.13,,MELCC,20251001083425
2025-09-30,lady_evelyn,288.95,,OPG,20251001083425
2025-09-30,mitchinamecus,379.84,,MELCC,20251001083425
2025-09-30,poisson_blanc,199.04,,MELCC,20251001083425
2025-09-30,quinze,262.68,,MELCC,20251001083425
2025-09-30,rapide_7,308.67,,HQ,20251001083425
2025-09-30,timiskaming,178.79,,WSC,20251001083425
2025-09-30,timiskaming_haileybury,178.69,,WSC,20251001083425
